[{"name": "sostenibilit\u221a\u00c9\u00ac\u2020", "arcII": 13, "des": 51, "tot": 241, "ingII": 40, "ingIV": 6, "ingIII": 0, "ingV": 1, "arcI": 84, "ingI": 5}, {"name": "Milano", "arcII": 53, "des": 53, "tot": 223, "ingII": 3, "ingIV": 0, "ingIII": 0, "ingV": 1, "arcI": 95, "ingI": 6}, {"name": "riqualificazione", "arcII": 29, "des": 15, "tot": 159, "ingII": 0, "ingIV": 0, "ingIII": 0, "ingV": 0, "arcI": 91, "ingI": 0}, {"name": "paesaggio", "arcII": 16, "des": 6, "tot": 141, "ingII": 0, "ingIV": 0, "ingIII": 0, "ingV": 0, "arcI": 106, "ingI": 0}, {"name": "museo", "arcII": 23, "des": 27, "tot": 137, "ingII": 0, "ingIV": 0, "ingIII": 0, "ingV": 1, "arcI": 80, "ingI": 0}, {"name": "design", "arcII": 0, "des": 91, "tot": 105, "ingII": 5, "ingIV": 0, "ingIII": 0, "ingV": 3, "arcI": 2, "ingI": 0}, {"name": "efficienza energetica", "arcII": 1, "des": 1, "tot": 94, "ingII": 22, "ingIV": 14, "ingIII": 2, "ingV": 24, "arcI": 6, "ingI": 5}, {"name": "ottimizzazione", "arcII": 0, "des": 1, "tot": 82, "ingII": 10, "ingIV": 36, "ingIII": 7, "ingV": 14, "arcI": 1, "ingI": 3}, {"name": "riuso", "arcII": 11, "des": 16, "tot": 81, "ingII": 0, "ingIV": 0, "ingIII": 0, "ingV": 0, "arcI": 49, "ingI": 2}, {"name": "recupero", "arcII": 5, "des": 7, "tot": 80, "ingII": 1, "ingIV": 0, "ingIII": 0, "ingV": 1, "arcI": 42, "ingI": 0}, {"name": "spazio pubblico", "arcII": 9, "des": 18, "tot": 77, "ingII": 0, "ingIV": 0, "ingIII": 0, "ingV": 0, "arcI": 45, "ingI": 0}, {"name": "comunicazione", "arcII": 1, "des": 57, "tot": 77, "ingII": 5, "ingIV": 2, "ingIII": 1, "ingV": 1, "arcI": 9, "ingI": 0}, {"name": "innovazione", "arcII": 2, "des": 26, "tot": 75, "ingII": 25, "ingIV": 1, "ingIII": 1, "ingV": 1, "arcI": 5, "ingI": 2}, {"name": "architettura", "arcII": 5, "des": 7, "tot": 73, "ingII": 0, "ingIV": 0, "ingIII": 0, "ingV": 2, "arcI": 48, "ingI": 0}, {"name": "territorio", "arcII": 2, "des": 31, "tot": 68, "ingII": 0, "ingIV": 0, "ingIII": 0, "ingV": 0, "arcI": 30, "ingI": 0}, {"name": "citt\u221a\u00c9\u00ac\u2020", "arcII": 9, "des": 32, "tot": 68, "ingII": 0, "ingIV": 0, "ingIII": 0, "ingV": 1, "arcI": 22, "ingI": 2}, {"name": "fotovoltaico", "arcII": 0, "des": 6, "tot": 67, "ingII": 15, "ingIV": 5, "ingIII": 11, "ingV": 7, "arcI": 4, "ingI": 1}, {"name": "CFD", "arcII": 0, "des": 0, "tot": 66, "ingII": 4, "ingIV": 41, "ingIII": 10, "ingV": 1, "arcI": 0, "ingI": 1}, {"name": "modello", "arcII": 1, "des": 3, "tot": 64, "ingII": 14, "ingIV": 13, "ingIII": 5, "ingV": 14, "arcI": 2, "ingI": 9}, {"name": "progetto", "arcII": 5, "des": 15, "tot": 63, "ingII": 4, "ingIV": 2, "ingIII": 1, "ingV": 1, "arcI": 19, "ingI": 3}, {"name": "elementi finiti", "arcII": 0, "des": 0, "tot": 62, "ingII": 10, "ingIV": 22, "ingIII": 2, "ingV": 1, "arcI": 0, "ingI": 18}, {"name": "legno", "arcII": 5, "des": 14, "tot": 60, "ingII": 1, "ingIV": 0, "ingIII": 1, "ingV": 1, "arcI": 21, "ingI": 2}, {"name": "simulazione", "arcII": 0, "des": 0, "tot": 59, "ingII": 13, "ingIV": 17, "ingIII": 2, "ingV": 14, "arcI": 1, "ingI": 3}, {"name": "energia", "arcII": 1, "des": 7, "tot": 57, "ingII": 10, "ingIV": 3, "ingIII": 0, "ingV": 11, "arcI": 7, "ingI": 8}, {"name": "parco", "arcII": 10, "des": 8, "tot": 57, "ingII": 0, "ingIV": 0, "ingIII": 0, "ingV": 0, "arcI": 33, "ingI": 0}, {"name": "biblioteca", "arcII": 13, "des": 10, "tot": 55, "ingII": 0, "ingIV": 0, "ingIII": 0, "ingV": 0, "arcI": 25, "ingI": 0}, {"name": "sicurezza", "arcII": 1, "des": 9, "tot": 51, "ingII": 4, "ingIV": 5, "ingIII": 5, "ingV": 15, "arcI": 4, "ingI": 5}, {"name": "allestimento", "arcII": 0, "des": 36, "tot": 51, "ingII": 0, "ingIV": 0, "ingIII": 0, "ingV": 2, "arcI": 11, "ingI": 0}, {"name": "stazione", "arcII": 18, "des": 6, "tot": 50, "ingII": 0, "ingIV": 0, "ingIII": 0, "ingV": 0, "arcI": 25, "ingI": 0}, {"name": "risparmio energetico", "arcII": 0, "des": 1, "tot": 49, "ingII": 5, "ingIV": 6, "ingIII": 1, "ingV": 13, "arcI": 12, "ingI": 1}, {"name": "controllo", "arcII": 0, "des": 0, "tot": 48, "ingII": 2, "ingIV": 15, "ingIII": 2, "ingV": 20, "arcI": 1, "ingI": 0}, {"name": "conservazione", "arcII": 8, "des": 2, "tot": 47, "ingII": 0, "ingIV": 1, "ingIII": 0, "ingV": 0, "arcI": 27, "ingI": 0}, {"name": "integrazione", "arcII": 3, "des": 6, "tot": 46, "ingII": 9, "ingIV": 3, "ingIII": 1, "ingV": 7, "arcI": 11, "ingI": 0}, {"name": "teatro", "arcII": 8, "des": 7, "tot": 46, "ingII": 0, "ingIV": 0, "ingIII": 0, "ingV": 0, "arcI": 27, "ingI": 0}, {"name": "flessibilit\u221a\u00c9\u00ac\u2020", "arcII": 0, "des": 9, "tot": 45, "ingII": 4, "ingIV": 1, "ingIII": 0, "ingV": 0, "arcI": 21, "ingI": 0}, {"name": "valorizzazione", "arcII": 4, "des": 4, "tot": 45, "ingII": 0, "ingIV": 0, "ingIII": 0, "ingV": 0, "arcI": 27, "ingI": 0}, {"name": "acqua", "arcII": 3, "des": 12, "tot": 45, "ingII": 1, "ingIV": 3, "ingIII": 0, "ingV": 0, "arcI": 21, "ingI": 1}, {"name": "LCA", "arcII": 0, "des": 1, "tot": 44, "ingII": 2, "ingIV": 2, "ingIII": 3, "ingV": 0, "arcI": 5, "ingI": 16}, {"name": "modellazione", "arcII": 0, "des": 0, "tot": 44, "ingII": 5, "ingIV": 4, "ingIII": 11, "ingV": 5, "arcI": 5, "ingI": 9}, {"name": "moda", "arcII": 0, "des": 32, "tot": 43, "ingII": 3, "ingIV": 0, "ingIII": 0, "ingV": 0, "arcI": 6, "ingI": 0}, {"name": "identit\u221a\u00c9\u00ac\u2020", "arcII": 1, "des": 24, "tot": 43, "ingII": 0, "ingIV": 0, "ingIII": 0, "ingV": 0, "arcI": 17, "ingI": 0}, {"name": "social network", "arcII": 0, "des": 20, "tot": 43, "ingII": 7, "ingIV": 0, "ingIII": 0, "ingV": 10, "arcI": 1, "ingI": 1}, {"name": "cultura", "arcII": 2, "des": 16, "tot": 42, "ingII": 3, "ingIV": 0, "ingIII": 0, "ingV": 1, "arcI": 16, "ingI": 0}, {"name": "manutenzione", "arcII": 0, "des": 0, "tot": 40, "ingII": 6, "ingIV": 11, "ingIII": 1, "ingV": 2, "arcI": 1, "ingI": 4}, {"name": "turismo", "arcII": 0, "des": 13, "tot": 40, "ingII": 4, "ingIV": 0, "ingIII": 0, "ingV": 4, "arcI": 16, "ingI": 0}, {"name": "Italia", "arcII": 0, "des": 7, "tot": 39, "ingII": 21, "ingIV": 1, "ingIII": 1, "ingV": 0, "arcI": 5, "ingI": 0}, {"name": "arte", "arcII": 3, "des": 22, "tot": 39, "ingII": 0, "ingIV": 0, "ingIII": 0, "ingV": 0, "arcI": 11, "ingI": 0}, {"name": "ICT", "arcII": 0, "des": 4, "tot": 39, "ingII": 28, "ingIV": 1, "ingIII": 0, "ingV": 1, "arcI": 1, "ingI": 1}, {"name": "analisi", "arcII": 0, "des": 3, "tot": 39, "ingII": 11, "ingIV": 2, "ingIII": 0, "ingV": 9, "arcI": 7, "ingI": 4}, {"name": "memoria", "arcII": 3, "des": 18, "tot": 39, "ingII": 0, "ingIV": 0, "ingIII": 0, "ingV": 4, "arcI": 13, "ingI": 0}, {"name": "energie rinnovabili", "arcII": 0, "des": 4, "tot": 39, "ingII": 18, "ingIV": 3, "ingIII": 0, "ingV": 2, "arcI": 4, "ingI": 1}, {"name": "fatica", "arcII": 0, "des": 0, "tot": 39, "ingII": 4, "ingIV": 25, "ingIII": 2, "ingV": 0, "arcI": 0, "ingI": 5}, {"name": "restauro", "arcII": 9, "des": 1, "tot": 39, "ingII": 0, "ingIV": 0, "ingIII": 0, "ingV": 0, "arcI": 23, "ingI": 0}, {"name": "valutazione", "arcII": 0, "des": 1, "tot": 38, "ingII": 9, "ingIV": 1, "ingIII": 0, "ingV": 7, "arcI": 9, "ingI": 4}, {"name": "mobilit\u221a\u00c9\u00ac\u2020", "arcII": 1, "des": 13, "tot": 38, "ingII": 3, "ingIV": 0, "ingIII": 0, "ingV": 2, "arcI": 13, "ingI": 3}, {"name": "gestione", "arcII": 0, "des": 2, "tot": 38, "ingII": 8, "ingIV": 0, "ingIII": 0, "ingV": 5, "arcI": 9, "ingI": 2}, {"name": "urbanistica", "arcII": 10, "des": 0, "tot": 38, "ingII": 0, "ingIV": 0, "ingIII": 0, "ingV": 0, "arcI": 23, "ingI": 0}, {"name": "Alzheimer", "arcII": 0, "des": 35, "tot": 37, "ingII": 0, "ingIV": 0, "ingIII": 0, "ingV": 0, "arcI": 1, "ingI": 0}, {"name": "universit\u221a\u00c9\u00ac\u2020", "arcII": 20, "des": 5, "tot": 36, "ingII": 3, "ingIV": 0, "ingIII": 0, "ingV": 1, "arcI": 3, "ingI": 1}, {"name": "sanit\u221a\u00c9\u00ac\u2020", "arcII": 0, "des": 2, "tot": 36, "ingII": 24, "ingIV": 1, "ingIII": 0, "ingV": 0, "arcI": 5, "ingI": 0}, {"name": "infrastrutture", "arcII": 4, "des": 2, "tot": 36, "ingII": 3, "ingIV": 0, "ingIII": 0, "ingV": 0, "arcI": 21, "ingI": 1}, {"name": "servizi", "arcII": 3, "des": 9, "tot": 36, "ingII": 9, "ingIV": 0, "ingIII": 0, "ingV": 3, "arcI": 7, "ingI": 0}, {"name": "supply chain", "arcII": 0, "des": 0, "tot": 36, "ingII": 29, "ingIV": 3, "ingIII": 0, "ingV": 0, "arcI": 0, "ingI": 0}, {"name": "riqualificazione urbana", "arcII": 2, "des": 3, "tot": 36, "ingII": 0, "ingIV": 0, "ingIII": 0, "ingV": 0, "arcI": 29, "ingI": 0}, {"name": "ambiente", "arcII": 1, "des": 6, "tot": 35, "ingII": 6, "ingIV": 0, "ingIII": 1, "ingV": 1, "arcI": 15, "ingI": 1}, {"name": "efficienza", "arcII": 0, "des": 1, "tot": 35, "ingII": 11, "ingIV": 6, "ingIII": 1, "ingV": 8, "arcI": 2, "ingI": 1}, {"name": "interazione", "arcII": 0, "des": 26, "tot": 35, "ingII": 0, "ingIV": 3, "ingIII": 0, "ingV": 4, "arcI": 2, "ingI": 0}, {"name": "terremoto", "arcII": 4, "des": 11, "tot": 35, "ingII": 1, "ingIV": 0, "ingIII": 0, "ingV": 0, "arcI": 9, "ingI": 5}, {"name": "progettazione", "arcII": 0, "des": 8, "tot": 35, "ingII": 1, "ingIV": 3, "ingIII": 0, "ingV": 4, "arcI": 10, "ingI": 3}, {"name": "sistema", "arcII": 1, "des": 13, "tot": 34, "ingII": 4, "ingIV": 1, "ingIII": 0, "ingV": 8, "arcI": 3, "ingI": 2}, {"name": "monitoraggio", "arcII": 0, "des": 3, "tot": 34, "ingII": 2, "ingIV": 3, "ingIII": 1, "ingV": 8, "arcI": 6, "ingI": 5}, {"name": "mobile", "arcII": 0, "des": 11, "tot": 34, "ingII": 12, "ingIV": 0, "ingIII": 0, "ingV": 10, "arcI": 0, "ingI": 0}, {"name": "Cina", "arcII": 1, "des": 17, "tot": 33, "ingII": 8, "ingIV": 1, "ingIII": 0, "ingV": 0, "arcI": 4, "ingI": 0}, {"name": "rete", "arcII": 0, "des": 12, "tot": 33, "ingII": 2, "ingIV": 1, "ingIII": 0, "ingV": 5, "arcI": 8, "ingI": 1}, {"name": "accessibilit\u221a\u00c9\u00ac\u2020", "arcII": 7, "des": 4, "tot": 33, "ingII": 2, "ingIV": 0, "ingIII": 0, "ingV": 0, "arcI": 16, "ingI": 1}, {"name": "spazi pubblici", "arcII": 2, "des": 2, "tot": 33, "ingII": 0, "ingIV": 0, "ingIII": 0, "ingV": 0, "arcI": 29, "ingI": 0}, {"name": "sviluppo", "arcII": 0, "des": 5, "tot": 33, "ingII": 6, "ingIV": 1, "ingIII": 0, "ingV": 5, "arcI": 13, "ingI": 2}, {"name": "verde", "arcII": 3, "des": 8, "tot": 32, "ingII": 1, "ingIV": 0, "ingIII": 0, "ingV": 0, "arcI": 14, "ingI": 1}, {"name": "acciaio", "arcII": 0, "des": 0, "tot": 32, "ingII": 2, "ingIV": 3, "ingIII": 4, "ingV": 0, "arcI": 6, "ingI": 10}, {"name": "Bergamo", "arcII": 1, "des": 4, "tot": 32, "ingII": 0, "ingIV": 0, "ingIII": 0, "ingV": 0, "arcI": 21, "ingI": 1}, {"name": "partecipazione", "arcII": 0, "des": 15, "tot": 32, "ingII": 1, "ingIV": 0, "ingIII": 0, "ingV": 0, "arcI": 12, "ingI": 0}, {"name": "sport", "arcII": 1, "des": 10, "tot": 32, "ingII": 2, "ingIV": 0, "ingIII": 0, "ingV": 3, "arcI": 14, "ingI": 0}, {"name": "residenza", "arcII": 24, "des": 2, "tot": 32, "ingII": 0, "ingIV": 0, "ingIII": 0, "ingV": 0, "arcI": 4, "ingI": 0}, {"name": "storia", "arcII": 7, "des": 13, "tot": 32, "ingII": 0, "ingIV": 0, "ingIII": 0, "ingV": 0, "arcI": 10, "ingI": 0}, {"name": "Bovisa", "arcII": 26, "des": 3, "tot": 32, "ingII": 0, "ingIV": 0, "ingIII": 0, "ingV": 0, "arcI": 3, "ingI": 0}, {"name": "mercato", "arcII": 2, "des": 10, "tot": 32, "ingII": 14, "ingIV": 0, "ingIII": 0, "ingV": 1, "arcI": 3, "ingI": 1}, {"name": "natura", "arcII": 3, "des": 15, "tot": 31, "ingII": 0, "ingIV": 0, "ingIII": 0, "ingV": 0, "arcI": 9, "ingI": 0}, {"name": "strategia", "arcII": 0, "des": 8, "tot": 31, "ingII": 15, "ingIV": 1, "ingIII": 0, "ingV": 2, "arcI": 3, "ingI": 0}, {"name": "collaborazione", "arcII": 0, "des": 17, "tot": 31, "ingII": 11, "ingIV": 0, "ingIII": 0, "ingV": 1, "arcI": 0, "ingI": 0}, {"name": "tecnologia", "arcII": 1, "des": 13, "tot": 31, "ingII": 2, "ingIV": 1, "ingIII": 0, "ingV": 1, "arcI": 9, "ingI": 1}, {"name": "artigianato", "arcII": 0, "des": 26, "tot": 31, "ingII": 0, "ingIV": 0, "ingIII": 0, "ingV": 0, "arcI": 4, "ingI": 0}, {"name": "musica", "arcII": 2, "des": 12, "tot": 31, "ingII": 1, "ingIV": 0, "ingIII": 0, "ingV": 3, "arcI": 9, "ingI": 0}, {"name": "agricoltura", "arcII": 1, "des": 4, "tot": 30, "ingII": 1, "ingIV": 0, "ingIII": 0, "ingV": 0, "arcI": 19, "ingI": 3}, {"name": "abitare", "arcII": 6, "des": 4, "tot": 30, "ingII": 0, "ingIV": 0, "ingIII": 0, "ingV": 0, "arcI": 16, "ingI": 0}, {"name": "scuola", "arcII": 3, "des": 9, "tot": 30, "ingII": 2, "ingIV": 0, "ingIII": 0, "ingV": 1, "arcI": 9, "ingI": 0}, {"name": "ricostruzione", "arcII": 1, "des": 6, "tot": 30, "ingII": 1, "ingIV": 2, "ingIII": 0, "ingV": 2, "arcI": 17, "ingI": 0}, {"name": "materiali", "arcII": 0, "des": 19, "tot": 30, "ingII": 0, "ingIV": 1, "ingIII": 2, "ingV": 0, "arcI": 4, "ingI": 1}, {"name": "materiali compositi", "arcII": 0, "des": 0, "tot": 30, "ingII": 0, "ingIV": 19, "ingIII": 8, "ingV": 1, "arcI": 0, "ingI": 0}, {"name": "archeologia", "arcII": 9, "des": 1, "tot": 30, "ingII": 0, "ingIV": 0, "ingIII": 0, "ingV": 0, "arcI": 19, "ingI": 0}, {"name": "calcestruzzo", "arcII": 1, "des": 1, "tot": 29, "ingII": 0, "ingIV": 0, "ingIII": 4, "ingV": 0, "arcI": 1, "ingI": 14}, {"name": "percorso", "arcII": 4, "des": 11, "tot": 29, "ingII": 0, "ingIV": 0, "ingIII": 0, "ingV": 0, "arcI": 12, "ingI": 0}, {"name": "pianificazione", "arcII": 0, "des": 0, "tot": 29, "ingII": 5, "ingIV": 0, "ingIII": 0, "ingV": 3, "arcI": 15, "ingI": 2}, {"name": "infrastruttura", "arcII": 4, "des": 1, "tot": 29, "ingII": 1, "ingIV": 0, "ingIII": 0, "ingV": 0, "arcI": 21, "ingI": 0}, {"name": "classificazione", "arcII": 0, "des": 2, "tot": 29, "ingII": 6, "ingIV": 1, "ingIII": 0, "ingV": 12, "arcI": 0, "ingI": 3}, {"name": "auditorium", "arcII": 3, "des": 1, "tot": 29, "ingII": 0, "ingIV": 0, "ingIII": 0, "ingV": 0, "arcI": 17, "ingI": 0}, {"name": "performance", "arcII": 0, "des": 6, "tot": 28, "ingII": 13, "ingIV": 1, "ingIII": 1, "ingV": 3, "arcI": 0, "ingI": 1}, {"name": "L'Aquila", "arcII": 2, "des": 13, "tot": 28, "ingII": 0, "ingIV": 0, "ingIII": 0, "ingV": 0, "arcI": 5, "ingI": 3}, {"name": "bambini", "arcII": 0, "des": 17, "tot": 28, "ingII": 0, "ingIV": 2, "ingIII": 0, "ingV": 2, "arcI": 6, "ingI": 0}, {"name": "gioco", "arcII": 0, "des": 20, "tot": 28, "ingII": 3, "ingIV": 2, "ingIII": 0, "ingV": 1, "arcI": 2, "ingI": 0}, {"name": "luce", "arcII": 1, "des": 15, "tot": 27, "ingII": 1, "ingIV": 0, "ingIII": 0, "ingV": 0, "arcI": 9, "ingI": 0}, {"name": "PMI", "arcII": 0, "des": 3, "tot": 27, "ingII": 18, "ingIV": 6, "ingIII": 0, "ingV": 0, "arcI": 0, "ingI": 0}, {"name": "emergenza", "arcII": 0, "des": 8, "tot": 27, "ingII": 0, "ingIV": 1, "ingIII": 0, "ingV": 3, "arcI": 9, "ingI": 2}, {"name": "bicicletta", "arcII": 0, "des": 18, "tot": 27, "ingII": 0, "ingIV": 1, "ingIII": 0, "ingV": 4, "arcI": 3, "ingI": 1}, {"name": "spazio", "arcII": 0, "des": 7, "tot": 27, "ingII": 0, "ingIV": 1, "ingIII": 0, "ingV": 0, "arcI": 16, "ingI": 0}, {"name": "percezione", "arcII": 0, "des": 14, "tot": 27, "ingII": 0, "ingIV": 0, "ingIII": 0, "ingV": 0, "arcI": 12, "ingI": 0}, {"name": "ferrovia", "arcII": 6, "des": 0, "tot": 27, "ingII": 0, "ingIV": 2, "ingIII": 0, "ingV": 0, "arcI": 13, "ingI": 6}, {"name": "archeologia industriale", "arcII": 3, "des": 3, "tot": 26, "ingII": 0, "ingIV": 0, "ingIII": 0, "ingV": 0, "arcI": 18, "ingI": 0}, {"name": "Porta Genova", "arcII": 21, "des": 0, "tot": 26, "ingII": 0, "ingIV": 0, "ingIII": 0, "ingV": 0, "arcI": 5, "ingI": 0}, {"name": "sensori", "arcII": 0, "des": 3, "tot": 26, "ingII": 1, "ingIV": 2, "ingIII": 2, "ingV": 13, "arcI": 0, "ingI": 0}, {"name": "logistica", "arcII": 0, "des": 1, "tot": 26, "ingII": 16, "ingIV": 3, "ingIII": 0, "ingV": 0, "arcI": 3, "ingI": 0}, {"name": "qualit\u221a\u00c9\u00ac\u2020", "arcII": 0, "des": 3, "tot": 26, "ingII": 12, "ingIV": 1, "ingIII": 0, "ingV": 5, "arcI": 3, "ingI": 0}, {"name": "applicazione", "arcII": 0, "des": 17, "tot": 26, "ingII": 2, "ingIV": 0, "ingIII": 0, "ingV": 6, "arcI": 1, "ingI": 0}, {"name": "complessit\u221a\u00c9\u00ac\u2020", "arcII": 1, "des": 9, "tot": 26, "ingII": 3, "ingIV": 0, "ingIII": 0, "ingV": 2, "arcI": 7, "ingI": 0}, {"name": "sociale", "arcII": 1, "des": 10, "tot": 25, "ingII": 2, "ingIV": 0, "ingIII": 0, "ingV": 3, "arcI": 9, "ingI": 0}, {"name": "sostenibilit\u221a\u00c9\u00ac\u2020 ambientale", "arcII": 1, "des": 4, "tot": 25, "ingII": 5, "ingIV": 2, "ingIII": 0, "ingV": 0, "arcI": 6, "ingI": 4}, {"name": "sviluppo sostenibile", "arcII": 0, "des": 3, "tot": 25, "ingII": 3, "ingIV": 3, "ingIII": 0, "ingV": 0, "arcI": 11, "ingI": 0}, {"name": "smartphone", "arcII": 0, "des": 5, "tot": 25, "ingII": 2, "ingIV": 0, "ingIII": 0, "ingV": 17, "arcI": 0, "ingI": 0}, {"name": "ecomuseo", "arcII": 1, "des": 7, "tot": 25, "ingII": 0, "ingIV": 0, "ingIII": 0, "ingV": 0, "arcI": 15, "ingI": 0}, {"name": "piazza", "arcII": 6, "des": 7, "tot": 25, "ingII": 0, "ingIV": 0, "ingIII": 0, "ingV": 0, "arcI": 10, "ingI": 0}, {"name": "marketing", "arcII": 0, "des": 8, "tot": 25, "ingII": 13, "ingIV": 0, "ingIII": 0, "ingV": 0, "arcI": 3, "ingI": 0}, {"name": "ricerca", "arcII": 4, "des": 10, "tot": 25, "ingII": 2, "ingIV": 0, "ingIII": 0, "ingV": 4, "arcI": 5, "ingI": 0}, {"name": "Expo 2015", "arcII": 4, "des": 5, "tot": 25, "ingII": 0, "ingIV": 0, "ingIII": 0, "ingV": 0, "arcI": 16, "ingI": 0}, {"name": "teoria dei giochi", "arcII": 0, "des": 1, "tot": 24, "ingII": 5, "ingIV": 1, "ingIII": 0, "ingV": 15, "arcI": 0, "ingI": 0}, {"name": "Piacenza", "arcII": 1, "des": 0, "tot": 24, "ingII": 0, "ingIV": 1, "ingIII": 0, "ingV": 0, "arcI": 21, "ingI": 0}, {"name": "fluidodinamica computazionale", "arcII": 0, "des": 0, "tot": 24, "ingII": 5, "ingIV": 9, "ingIII": 3, "ingV": 0, "arcI": 0, "ingI": 0}, {"name": "masterplan", "arcII": 3, "des": 0, "tot": 24, "ingII": 0, "ingIV": 0, "ingIII": 0, "ingV": 0, "arcI": 17, "ingI": 0}, {"name": "rischio", "arcII": 0, "des": 0, "tot": 24, "ingII": 14, "ingIV": 2, "ingIII": 1, "ingV": 1, "arcI": 0, "ingI": 2}, {"name": "tempo", "arcII": 0, "des": 15, "tot": 24, "ingII": 2, "ingIV": 0, "ingIII": 0, "ingV": 0, "arcI": 6, "ingI": 0}, {"name": "web", "arcII": 0, "des": 15, "tot": 23, "ingII": 6, "ingIV": 0, "ingIII": 0, "ingV": 1, "arcI": 1, "ingI": 0}, {"name": "Mantova", "arcII": 0, "des": 1, "tot": 23, "ingII": 0, "ingIV": 0, "ingIII": 0, "ingV": 0, "arcI": 17, "ingI": 0}, {"name": "creativit\u221a\u00c9\u00ac\u2020", "arcII": 0, "des": 20, "tot": 23, "ingII": 1, "ingIV": 0, "ingIII": 0, "ingV": 0, "arcI": 1, "ingI": 0}, {"name": "smart grid", "arcII": 0, "des": 0, "tot": 23, "ingII": 3, "ingIV": 0, "ingIII": 8, "ingV": 10, "arcI": 0, "ingI": 0}, {"name": "cinema", "arcII": 0, "des": 18, "tot": 23, "ingII": 0, "ingIV": 0, "ingIII": 0, "ingV": 0, "arcI": 4, "ingI": 0}, {"name": "SPAD", "arcII": 0, "des": 0, "tot": 22, "ingII": 1, "ingIV": 0, "ingIII": 0, "ingV": 15, "arcI": 0, "ingI": 0}, {"name": "trasformazione", "arcII": 4, "des": 6, "tot": 22, "ingII": 0, "ingIV": 0, "ingIII": 0, "ingV": 1, "arcI": 8, "ingI": 0}, {"name": "idrogeno", "arcII": 0, "des": 1, "tot": 22, "ingII": 1, "ingIV": 8, "ingIII": 8, "ingV": 2, "arcI": 0, "ingI": 1}, {"name": "riciclo", "arcII": 0, "des": 11, "tot": 22, "ingII": 1, "ingIV": 0, "ingIII": 0, "ingV": 0, "arcI": 5, "ingI": 1}, {"name": "ingegneria dei tessuti", "arcII": 0, "des": 0, "tot": 22, "ingII": 19, "ingIV": 0, "ingIII": 2, "ingV": 0, "arcI": 0, "ingI": 0}, {"name": "soglia", "arcII": 0, "des": 4, "tot": 22, "ingII": 0, "ingIV": 0, "ingIII": 0, "ingV": 2, "arcI": 16, "ingI": 0}, {"name": "cogenerazione", "arcII": 0, "des": 0, "tot": 22, "ingII": 1, "ingIV": 16, "ingIII": 0, "ingV": 3, "arcI": 1, "ingI": 1}, {"name": "waterfront", "arcII": 1, "des": 2, "tot": 22, "ingII": 0, "ingIV": 0, "ingIII": 0, "ingV": 0, "arcI": 18, "ingI": 0}, {"name": "combustione", "arcII": 0, "des": 0, "tot": 22, "ingII": 0, "ingIV": 12, "ingIII": 10, "ingV": 0, "arcI": 0, "ingI": 0}, {"name": "quartiere", "arcII": 0, "des": 7, "tot": 22, "ingII": 0, "ingIV": 0, "ingIII": 0, "ingV": 0, "arcI": 11, "ingI": 0}, {"name": "visualizzazione", "arcII": 0, "des": 14, "tot": 22, "ingII": 1, "ingIV": 1, "ingIII": 0, "ingV": 5, "arcI": 0, "ingI": 0}, {"name": "sostenibile", "arcII": 0, "des": 8, "tot": 22, "ingII": 2, "ingIV": 0, "ingIII": 0, "ingV": 0, "arcI": 5, "ingI": 0}, {"name": "reti neurali", "arcII": 0, "des": 0, "tot": 22, "ingII": 2, "ingIV": 7, "ingIII": 2, "ingV": 4, "arcI": 0, "ingI": 2}, {"name": "FPGA", "arcII": 0, "des": 0, "tot": 22, "ingII": 0, "ingIV": 0, "ingIII": 0, "ingV": 20, "arcI": 0, "ingI": 0}, {"name": "digitale", "arcII": 0, "des": 13, "tot": 22, "ingII": 1, "ingIV": 0, "ingIII": 0, "ingV": 5, "arcI": 1, "ingI": 0}, {"name": "trasporto", "arcII": 0, "des": 7, "tot": 21, "ingII": 2, "ingIV": 0, "ingIII": 1, "ingV": 0, "arcI": 2, "ingI": 6}, {"name": "corrosione", "arcII": 0, "des": 0, "tot": 21, "ingII": 1, "ingIV": 3, "ingIII": 8, "ingV": 0, "arcI": 0, "ingI": 3}, {"name": "filiera", "arcII": 0, "des": 3, "tot": 21, "ingII": 15, "ingIV": 1, "ingIII": 0, "ingV": 0, "arcI": 0, "ingI": 0}, {"name": "modulare", "arcII": 1, "des": 11, "tot": 21, "ingII": 1, "ingIV": 0, "ingIII": 0, "ingV": 1, "arcI": 3, "ingI": 0}, {"name": "housing sociale", "arcII": 3, "des": 4, "tot": 21, "ingII": 0, "ingIV": 0, "ingIII": 0, "ingV": 0, "arcI": 13, "ingI": 0}, {"name": "tradizione", "arcII": 0, "des": 12, "tot": 21, "ingII": 0, "ingIV": 0, "ingIII": 0, "ingV": 0, "arcI": 4, "ingI": 0}, {"name": "localizzazione", "arcII": 0, "des": 0, "tot": 21, "ingII": 5, "ingIV": 2, "ingIII": 0, "ingV": 12, "arcI": 0, "ingI": 1}, {"name": "elicottero", "arcII": 0, "des": 1, "tot": 21, "ingII": 0, "ingIV": 13, "ingIII": 1, "ingV": 3, "arcI": 0, "ingI": 1}, {"name": "educazione", "arcII": 0, "des": 16, "tot": 21, "ingII": 3, "ingIV": 0, "ingIII": 0, "ingV": 0, "arcI": 0, "ingI": 0}, {"name": "terme", "arcII": 16, "des": 0, "tot": 21, "ingII": 0, "ingIV": 0, "ingIII": 0, "ingV": 0, "arcI": 5, "ingI": 0}, {"name": "rigenerazione urbana", "arcII": 0, "des": 2, "tot": 21, "ingII": 0, "ingIV": 0, "ingIII": 0, "ingV": 0, "arcI": 16, "ingI": 0}, {"name": "caratterizzazione", "arcII": 0, "des": 0, "tot": 21, "ingII": 4, "ingIV": 3, "ingIII": 4, "ingV": 7, "arcI": 0, "ingI": 1}, {"name": "mobilit\u221a\u00c9\u00ac\u2020 sostenibile", "arcII": 0, "des": 7, "tot": 21, "ingII": 2, "ingIV": 1, "ingIII": 0, "ingV": 0, "arcI": 5, "ingI": 1}, {"name": "parco urbano", "arcII": 4, "des": 2, "tot": 21, "ingII": 0, "ingIV": 0, "ingIII": 0, "ingV": 0, "arcI": 13, "ingI": 0}, {"name": "industria", "arcII": 1, "des": 2, "tot": 21, "ingII": 4, "ingIV": 1, "ingIII": 0, "ingV": 0, "arcI": 10, "ingI": 1}, {"name": "autocostruzione", "arcII": 0, "des": 4, "tot": 20, "ingII": 0, "ingIV": 0, "ingIII": 0, "ingV": 0, "arcI": 15, "ingI": 0}, {"name": "internet", "arcII": 0, "des": 10, "tot": 20, "ingII": 5, "ingIV": 0, "ingIII": 0, "ingV": 3, "arcI": 1, "ingI": 0}, {"name": "trasporti", "arcII": 0, "des": 4, "tot": 20, "ingII": 2, "ingIV": 1, "ingIII": 1, "ingV": 0, "arcI": 7, "ingI": 5}, {"name": "social media", "arcII": 0, "des": 3, "tot": 20, "ingII": 11, "ingIV": 0, "ingIII": 0, "ingV": 4, "arcI": 0, "ingI": 0}, {"name": "galleria del vento", "arcII": 0, "des": 0, "tot": 20, "ingII": 0, "ingIV": 18, "ingIII": 0, "ingV": 0, "arcI": 0, "ingI": 1}, {"name": "movimento", "arcII": 0, "des": 12, "tot": 20, "ingII": 1, "ingIV": 0, "ingIII": 0, "ingV": 1, "arcI": 6, "ingI": 0}, {"name": "connessione", "arcII": 3, "des": 2, "tot": 20, "ingII": 1, "ingIV": 0, "ingIII": 0, "ingV": 0, "arcI": 10, "ingI": 0}, {"name": "dinamica", "arcII": 0, "des": 0, "tot": 20, "ingII": 2, "ingIV": 6, "ingIII": 3, "ingV": 4, "arcI": 1, "ingI": 4}, {"name": "consumo di suolo", "arcII": 0, "des": 0, "tot": 20, "ingII": 0, "ingIV": 0, "ingIII": 0, "ingV": 0, "arcI": 17, "ingI": 3}, {"name": "sviluppo nuovo prodotto", "arcII": 0, "des": 0, "tot": 20, "ingII": 20, "ingIV": 0, "ingIII": 0, "ingV": 0, "arcI": 0, "ingI": 0}, {"name": "fotografia", "arcII": 0, "des": 12, "tot": 20, "ingII": 0, "ingIV": 0, "ingIII": 0, "ingV": 0, "arcI": 8, "ingI": 0}, {"name": "servizio", "arcII": 0, "des": 17, "tot": 20, "ingII": 3, "ingIV": 0, "ingIII": 0, "ingV": 0, "arcI": 0, "ingI": 0}, {"name": "Expo", "arcII": 3, "des": 2, "tot": 20, "ingII": 0, "ingIV": 0, "ingIII": 0, "ingV": 0, "arcI": 9, "ingI": 1}, {"name": "Sesto San Giovanni", "arcII": 15, "des": 1, "tot": 20, "ingII": 0, "ingIV": 0, "ingIII": 0, "ingV": 0, "arcI": 3, "ingI": 0}, {"name": "comunit\u221a\u00c9\u00ac\u2020", "arcII": 1, "des": 14, "tot": 20, "ingII": 0, "ingIV": 0, "ingIII": 0, "ingV": 0, "arcI": 5, "ingI": 0}, {"name": "lean", "arcII": 0, "des": 0, "tot": 20, "ingII": 18, "ingIV": 0, "ingIII": 0, "ingV": 0, "arcI": 0, "ingI": 0}, {"name": "consolidamento", "arcII": 0, "des": 0, "tot": 19, "ingII": 1, "ingIV": 0, "ingIII": 0, "ingV": 1, "arcI": 4, "ingI": 2}, {"name": "condivisione", "arcII": 0, "des": 15, "tot": 19, "ingII": 0, "ingIV": 0, "ingIII": 0, "ingV": 2, "arcI": 2, "ingI": 0}, {"name": "energia solare", "arcII": 0, "des": 0, "tot": 19, "ingII": 2, "ingIV": 8, "ingIII": 0, "ingV": 0, "arcI": 3, "ingI": 1}, {"name": "cibo", "arcII": 0, "des": 14, "tot": 19, "ingII": 0, "ingIV": 0, "ingIII": 0, "ingV": 0, "arcI": 4, "ingI": 0}, {"name": "social housing", "arcII": 6, "des": 2, "tot": 19, "ingII": 0, "ingIV": 0, "ingIII": 0, "ingV": 0, "arcI": 6, "ingI": 0}, {"name": "esperienza", "arcII": 0, "des": 16, "tot": 19, "ingII": 1, "ingIV": 0, "ingIII": 0, "ingV": 1, "arcI": 0, "ingI": 0}, {"name": "laser", "arcII": 0, "des": 2, "tot": 19, "ingII": 4, "ingIV": 3, "ingIII": 2, "ingV": 8, "arcI": 0, "ingI": 0}, {"name": "editoria", "arcII": 0, "des": 10, "tot": 19, "ingII": 7, "ingIV": 1, "ingIII": 0, "ingV": 0, "arcI": 0, "ingI": 0}, {"name": "centro culturale", "arcII": 4, "des": 1, "tot": 19, "ingII": 0, "ingIV": 0, "ingIII": 0, "ingV": 0, "arcI": 11, "ingI": 0}, {"name": "beni culturali", "arcII": 1, "des": 5, "tot": 19, "ingII": 0, "ingIV": 0, "ingIII": 0, "ingV": 1, "arcI": 5, "ingI": 0}, {"name": "pubblica amministrazione", "arcII": 0, "des": 2, "tot": 19, "ingII": 10, "ingIV": 0, "ingIII": 0, "ingV": 0, "arcI": 4, "ingI": 1}, {"name": "Android", "arcII": 0, "des": 1, "tot": 19, "ingII": 2, "ingIV": 0, "ingIII": 0, "ingV": 16, "arcI": 0, "ingI": 0}, {"name": "prove sperimentali", "arcII": 0, "des": 0, "tot": 19, "ingII": 0, "ingIV": 13, "ingIII": 1, "ingV": 1, "arcI": 0, "ingI": 3}, {"name": "supply chain management", "arcII": 0, "des": 0, "tot": 19, "ingII": 14, "ingIV": 1, "ingIII": 1, "ingV": 1, "arcI": 0, "ingI": 0}, {"name": "hotel", "arcII": 0, "des": 4, "tot": 19, "ingII": 0, "ingIV": 0, "ingIII": 0, "ingV": 1, "arcI": 9, "ingI": 0}, {"name": "crowdsourcing", "arcII": 0, "des": 10, "tot": 19, "ingII": 2, "ingIV": 0, "ingIII": 0, "ingV": 5, "arcI": 0, "ingI": 0}, {"name": "modularit\u221a\u00c9\u00ac\u2020", "arcII": 1, "des": 7, "tot": 19, "ingII": 2, "ingIV": 0, "ingIII": 0, "ingV": 0, "arcI": 6, "ingI": 0}, {"name": "realt\u221a\u00c9\u00ac\u2020 aumentata", "arcII": 0, "des": 9, "tot": 19, "ingII": 0, "ingIV": 3, "ingIII": 0, "ingV": 3, "arcI": 2, "ingI": 0}, {"name": "immigrazione", "arcII": 2, "des": 4, "tot": 19, "ingII": 0, "ingIV": 0, "ingIII": 0, "ingV": 0, "arcI": 10, "ingI": 0}, {"name": "narrazione", "arcII": 0, "des": 14, "tot": 19, "ingII": 0, "ingIV": 0, "ingIII": 0, "ingV": 1, "arcI": 4, "ingI": 0}, {"name": "diffusione", "arcII": 0, "des": 0, "tot": 19, "ingII": 6, "ingIV": 2, "ingIII": 4, "ingV": 1, "arcI": 0, "ingI": 3}, {"name": "Colombia", "arcII": 0, "des": 6, "tot": 18, "ingII": 8, "ingIV": 0, "ingIII": 0, "ingV": 0, "arcI": 2, "ingI": 2}, {"name": "ponte", "arcII": 4, "des": 3, "tot": 18, "ingII": 0, "ingIV": 0, "ingIII": 0, "ingV": 0, "arcI": 8, "ingI": 2}, {"name": "generazione distribuita", "arcII": 0, "des": 0, "tot": 18, "ingII": 1, "ingIV": 4, "ingIII": 7, "ingV": 5, "arcI": 0, "ingI": 0}, {"name": "algoritmo", "arcII": 0, "des": 0, "tot": 18, "ingII": 2, "ingIV": 4, "ingIII": 0, "ingV": 9, "arcI": 1, "ingI": 1}, {"name": "fiume", "arcII": 4, "des": 1, "tot": 18, "ingII": 0, "ingIV": 0, "ingIII": 0, "ingV": 1, "arcI": 12, "ingI": 0}, {"name": "affidabilit\u221a\u00c9\u00ac\u2020", "arcII": 0, "des": 0, "tot": 18, "ingII": 6, "ingIV": 2, "ingIII": 0, "ingV": 4, "arcI": 0, "ingI": 2}, {"name": "FEM", "arcII": 0, "des": 0, "tot": 18, "ingII": 3, "ingIV": 11, "ingIII": 0, "ingV": 0, "arcI": 0, "ingI": 0}, {"name": "esposizione", "arcII": 0, "des": 8, "tot": 18, "ingII": 0, "ingIV": 0, "ingIII": 0, "ingV": 0, "arcI": 8, "ingI": 0}, {"name": "benessere", "arcII": 0, "des": 11, "tot": 18, "ingII": 0, "ingIV": 0, "ingIII": 0, "ingV": 0, "arcI": 3, "ingI": 0}, {"name": "produzione", "arcII": 0, "des": 4, "tot": 18, "ingII": 8, "ingIV": 3, "ingIII": 0, "ingV": 0, "arcI": 1, "ingI": 0}, {"name": "stabilit\u221a\u00c9\u00ac\u2020", "arcII": 0, "des": 0, "tot": 18, "ingII": 2, "ingIV": 6, "ingIII": 3, "ingV": 1, "arcI": 0, "ingI": 3}, {"name": "Istanbul", "arcII": 3, "des": 2, "tot": 18, "ingII": 0, "ingIV": 0, "ingIII": 0, "ingV": 0, "arcI": 12, "ingI": 1}, {"name": "Pavia", "arcII": 14, "des": 0, "tot": 18, "ingII": 0, "ingIV": 0, "ingIII": 0, "ingV": 0, "arcI": 4, "ingI": 0}, {"name": "Africa", "arcII": 0, "des": 1, "tot": 18, "ingII": 1, "ingIV": 0, "ingIII": 0, "ingV": 0, "arcI": 11, "ingI": 1}, {"name": "project management", "arcII": 0, "des": 1, "tot": 18, "ingII": 9, "ingIV": 3, "ingIII": 0, "ingV": 0, "arcI": 3, "ingI": 0}, {"name": "torre", "arcII": 5, "des": 3, "tot": 18, "ingII": 0, "ingIV": 1, "ingIII": 0, "ingV": 0, "arcI": 5, "ingI": 0}, {"name": "prefabbricazione", "arcII": 1, "des": 4, "tot": 17, "ingII": 0, "ingIV": 0, "ingIII": 0, "ingV": 0, "arcI": 9, "ingI": 0}, {"name": "simulazione numerica", "arcII": 0, "des": 0, "tot": 17, "ingII": 3, "ingIV": 6, "ingIII": 2, "ingV": 1, "arcI": 0, "ingI": 3}, {"name": "albergo", "arcII": 1, "des": 1, "tot": 17, "ingII": 0, "ingIV": 0, "ingIII": 0, "ingV": 0, "arcI": 7, "ingI": 0}, {"name": "contesto", "arcII": 2, "des": 1, "tot": 17, "ingII": 1, "ingIV": 0, "ingIII": 0, "ingV": 7, "arcI": 2, "ingI": 0}, {"name": "casa", "arcII": 0, "des": 8, "tot": 17, "ingII": 0, "ingIV": 0, "ingIII": 0, "ingV": 1, "arcI": 7, "ingI": 0}, {"name": "urbano", "arcII": 2, "des": 4, "tot": 17, "ingII": 0, "ingIV": 0, "ingIII": 0, "ingV": 0, "arcI": 8, "ingI": 0}, {"name": "Verona", "arcII": 1, "des": 0, "tot": 17, "ingII": 0, "ingIV": 0, "ingIII": 0, "ingV": 0, "arcI": 16, "ingI": 0}, {"name": "facility management", "arcII": 0, "des": 0, "tot": 17, "ingII": 1, "ingIV": 0, "ingIII": 0, "ingV": 0, "arcI": 2, "ingI": 0}, {"name": "cloud computing", "arcII": 0, "des": 0, "tot": 17, "ingII": 9, "ingIV": 0, "ingIII": 0, "ingV": 7, "arcI": 0, "ingI": 0}, {"name": "internazionalizzazione", "arcII": 0, "des": 0, "tot": 17, "ingII": 16, "ingIV": 0, "ingIII": 0, "ingV": 0, "arcI": 0, "ingI": 0}, {"name": "vuoto", "arcII": 5, "des": 6, "tot": 17, "ingII": 0, "ingIV": 0, "ingIII": 0, "ingV": 1, "arcI": 4, "ingI": 0}, {"name": "domotica", "arcII": 0, "des": 1, "tot": 17, "ingII": 1, "ingIV": 0, "ingIII": 0, "ingV": 12, "arcI": 2, "ingI": 0}, {"name": "giardino", "arcII": 4, "des": 8, "tot": 17, "ingII": 0, "ingIV": 0, "ingIII": 0, "ingV": 0, "arcI": 4, "ingI": 0}, {"name": "identificazione", "arcII": 0, "des": 0, "tot": 17, "ingII": 0, "ingIV": 5, "ingIII": 1, "ingV": 9, "arcI": 0, "ingI": 0}, {"name": "personalizzazione", "arcII": 0, "des": 12, "tot": 17, "ingII": 3, "ingIV": 0, "ingIII": 0, "ingV": 1, "arcI": 1, "ingI": 0}, {"name": "gestione del rischio", "arcII": 0, "des": 0, "tot": 17, "ingII": 8, "ingIV": 4, "ingIII": 0, "ingV": 0, "arcI": 0, "ingI": 0}, {"name": "turbolenza", "arcII": 0, "des": 0, "tot": 17, "ingII": 3, "ingIV": 9, "ingIII": 1, "ingV": 0, "arcI": 0, "ingI": 3}, {"name": "vibrazioni", "arcII": 0, "des": 1, "tot": 17, "ingII": 0, "ingIV": 9, "ingIII": 0, "ingV": 1, "arcI": 0, "ingI": 3}, {"name": "connessioni", "arcII": 3, "des": 4, "tot": 17, "ingII": 0, "ingIV": 0, "ingIII": 0, "ingV": 0, "arcI": 9, "ingI": 0}, {"name": "progettazione partecipata", "arcII": 0, "des": 10, "tot": 17, "ingII": 0, "ingIV": 0, "ingIII": 0, "ingV": 0, "arcI": 6, "ingI": 0}, {"name": "pompa di calore", "arcII": 0, "des": 0, "tot": 16, "ingII": 0, "ingIV": 8, "ingIII": 0, "ingV": 0, "arcI": 1, "ingI": 1}, {"name": "rigenerazione", "arcII": 2, "des": 0, "tot": 16, "ingII": 3, "ingIV": 1, "ingIII": 0, "ingV": 0, "arcI": 8, "ingI": 0}, {"name": "MEMS", "arcII": 0, "des": 0, "tot": 16, "ingII": 2, "ingIV": 1, "ingIII": 0, "ingV": 8, "arcI": 0, "ingI": 3}, {"name": "comfort", "arcII": 0, "des": 2, "tot": 16, "ingII": 0, "ingIV": 7, "ingIII": 0, "ingV": 1, "arcI": 3, "ingI": 0}, {"name": "arte contemporanea", "arcII": 0, "des": 12, "tot": 16, "ingII": 0, "ingIV": 0, "ingIII": 0, "ingV": 0, "arcI": 3, "ingI": 0}, {"name": "evoluzione", "arcII": 0, "des": 6, "tot": 16, "ingII": 4, "ingIV": 1, "ingIII": 0, "ingV": 0, "arcI": 4, "ingI": 1}, {"name": "biogas", "arcII": 0, "des": 1, "tot": 16, "ingII": 3, "ingIV": 3, "ingIII": 0, "ingV": 0, "arcI": 0, "ingI": 7}, {"name": "parco lineare", "arcII": 7, "des": 3, "tot": 16, "ingII": 0, "ingIV": 0, "ingIII": 0, "ingV": 0, "arcI": 6, "ingI": 0}, {"name": "laboratorio", "arcII": 0, "des": 10, "tot": 16, "ingII": 1, "ingIV": 1, "ingIII": 0, "ingV": 1, "arcI": 1, "ingI": 2}, {"name": "biomassa", "arcII": 0, "des": 0, "tot": 16, "ingII": 3, "ingIV": 6, "ingIII": 0, "ingV": 1, "arcI": 1, "ingI": 3}, {"name": "interfaccia", "arcII": 0, "des": 6, "tot": 16, "ingII": 2, "ingIV": 0, "ingIII": 0, "ingV": 5, "arcI": 0, "ingI": 2}, {"name": "acustica", "arcII": 0, "des": 1, "tot": 16, "ingII": 0, "ingIV": 4, "ingIII": 0, "ingV": 1, "arcI": 5, "ingI": 0}, {"name": "sperimentazione", "arcII": 0, "des": 4, "tot": 16, "ingII": 0, "ingIV": 4, "ingIII": 0, "ingV": 2, "arcI": 4, "ingI": 0}, {"name": "margine", "arcII": 3, "des": 0, "tot": 16, "ingII": 1, "ingIV": 0, "ingIII": 0, "ingV": 0, "arcI": 10, "ingI": 0}, {"name": "microfluidica", "arcII": 0, "des": 0, "tot": 16, "ingII": 9, "ingIV": 0, "ingIII": 2, "ingV": 2, "arcI": 0, "ingI": 0}, {"name": "spettroscopia", "arcII": 0, "des": 0, "tot": 16, "ingII": 6, "ingIV": 0, "ingIII": 1, "ingV": 7, "arcI": 0, "ingI": 0}, {"name": "societ\u221a\u00c9\u00ac\u2020", "arcII": 0, "des": 9, "tot": 16, "ingII": 0, "ingIV": 0, "ingIII": 0, "ingV": 0, "arcI": 3, "ingI": 0}, {"name": "nanoparticelle", "arcII": 0, "des": 0, "tot": 16, "ingII": 4, "ingIV": 3, "ingIII": 9, "ingV": 0, "arcI": 0, "ingI": 0}, {"name": "piattaforma", "arcII": 0, "des": 7, "tot": 16, "ingII": 2, "ingIV": 1, "ingIII": 0, "ingV": 3, "arcI": 1, "ingI": 0}, {"name": "Berlino", "arcII": 1, "des": 0, "tot": 16, "ingII": 0, "ingIV": 0, "ingIII": 0, "ingV": 0, "arcI": 14, "ingI": 0}, {"name": "porto", "arcII": 4, "des": 2, "tot": 16, "ingII": 0, "ingIV": 0, "ingIII": 1, "ingV": 0, "arcI": 8, "ingI": 0}, {"name": "framework", "arcII": 0, "des": 0, "tot": 16, "ingII": 3, "ingIV": 0, "ingIII": 0, "ingV": 13, "arcI": 0, "ingI": 0}, {"name": "impatto ambientale", "arcII": 0, "des": 2, "tot": 15, "ingII": 3, "ingIV": 1, "ingIII": 2, "ingV": 0, "arcI": 0, "ingI": 3}, {"name": "video", "arcII": 0, "des": 12, "tot": 15, "ingII": 1, "ingIV": 0, "ingIII": 0, "ingV": 2, "arcI": 0, "ingI": 0}, {"name": "lusso", "arcII": 0, "des": 5, "tot": 15, "ingII": 10, "ingIV": 0, "ingIII": 0, "ingV": 0, "arcI": 0, "ingI": 0}, {"name": "temporaneo", "arcII": 0, "des": 9, "tot": 15, "ingII": 0, "ingIV": 0, "ingIII": 0, "ingV": 0, "arcI": 5, "ingI": 0}, {"name": "recinto", "arcII": 2, "des": 1, "tot": 15, "ingII": 0, "ingIV": 0, "ingIII": 0, "ingV": 0, "arcI": 12, "ingI": 0}, {"name": "permeabilit\u221a\u00c9\u00ac\u2020", "arcII": 3, "des": 0, "tot": 15, "ingII": 2, "ingIV": 3, "ingIII": 0, "ingV": 0, "arcI": 5, "ingI": 1}, {"name": "limite", "arcII": 0, "des": 3, "tot": 15, "ingII": 0, "ingIV": 0, "ingIII": 0, "ingV": 0, "arcI": 12, "ingI": 0}, {"name": "controllo ottimo", "arcII": 0, "des": 0, "tot": 15, "ingII": 3, "ingIV": 7, "ingIII": 0, "ingV": 4, "arcI": 0, "ingI": 0}, {"name": "biodiversit\u221a\u00c9\u00ac\u2020", "arcII": 0, "des": 3, "tot": 15, "ingII": 1, "ingIV": 0, "ingIII": 0, "ingV": 0, "arcI": 9, "ingI": 2}, {"name": "nucleare", "arcII": 0, "des": 1, "tot": 15, "ingII": 5, "ingIV": 1, "ingIII": 6, "ingV": 1, "arcI": 1, "ingI": 0}, {"name": "realt\u221a\u00c9\u00ac\u2020 virtuale", "arcII": 0, "des": 2, "tot": 15, "ingII": 2, "ingIV": 4, "ingIII": 0, "ingV": 4, "arcI": 2, "ingI": 0}, {"name": "intelligenza artificiale", "arcII": 0, "des": 1, "tot": 15, "ingII": 3, "ingIV": 0, "ingIII": 0, "ingV": 8, "arcI": 0, "ingI": 1}, {"name": "reti di sensori", "arcII": 0, "des": 0, "tot": 15, "ingII": 0, "ingIV": 0, "ingIII": 0, "ingV": 14, "arcI": 0, "ingI": 0}, {"name": "predizione", "arcII": 0, "des": 0, "tot": 15, "ingII": 1, "ingIV": 1, "ingIII": 0, "ingV": 11, "arcI": 0, "ingI": 0}, {"name": "costi", "arcII": 0, "des": 0, "tot": 15, "ingII": 4, "ingIV": 1, "ingIII": 0, "ingV": 3, "arcI": 1, "ingI": 2}, {"name": "durabilit\u221a\u00c9\u00ac\u2020", "arcII": 0, "des": 1, "tot": 15, "ingII": 0, "ingIV": 0, "ingIII": 2, "ingV": 0, "arcI": 0, "ingI": 1}, {"name": "banco prova", "arcII": 0, "des": 0, "tot": 15, "ingII": 3, "ingIV": 10, "ingIII": 0, "ingV": 2, "arcI": 0, "ingI": 0}, {"name": "navigazione", "arcII": 0, "des": 1, "tot": 15, "ingII": 0, "ingIV": 3, "ingIII": 0, "ingV": 5, "arcI": 1, "ingI": 2}, {"name": "sismica", "arcII": 0, "des": 0, "tot": 15, "ingII": 0, "ingIV": 0, "ingIII": 1, "ingV": 2, "arcI": 0, "ingI": 9}, {"name": "temperatura", "arcII": 0, "des": 0, "tot": 15, "ingII": 2, "ingIV": 4, "ingIII": 1, "ingV": 2, "arcI": 0, "ingI": 4}, {"name": "struttura", "arcII": 1, "des": 2, "tot": 15, "ingII": 0, "ingIV": 1, "ingIII": 1, "ingV": 0, "arcI": 3, "ingI": 0}, {"name": "castello", "arcII": 1, "des": 0, "tot": 15, "ingII": 0, "ingIV": 0, "ingIII": 0, "ingV": 0, "arcI": 11, "ingI": 0}, {"name": "rifunzionalizzazione", "arcII": 1, "des": 5, "tot": 15, "ingII": 0, "ingIV": 0, "ingIII": 0, "ingV": 0, "arcI": 6, "ingI": 0}, {"name": "conoscenza", "arcII": 1, "des": 6, "tot": 15, "ingII": 4, "ingIV": 2, "ingIII": 0, "ingV": 0, "arcI": 0, "ingI": 0}, {"name": "algoritmi genetici", "arcII": 0, "des": 0, "tot": 15, "ingII": 2, "ingIV": 6, "ingIII": 0, "ingV": 3, "arcI": 0, "ingI": 2}, {"name": "informazione", "arcII": 0, "des": 9, "tot": 15, "ingII": 2, "ingIV": 0, "ingIII": 0, "ingV": 1, "arcI": 1, "ingI": 0}, {"name": "fotogrammetria", "arcII": 0, "des": 1, "tot": 15, "ingII": 1, "ingIV": 0, "ingIII": 0, "ingV": 0, "arcI": 3, "ingI": 10}, {"name": "simulatore", "arcII": 0, "des": 0, "tot": 15, "ingII": 1, "ingIV": 3, "ingIII": 0, "ingV": 9, "arcI": 0, "ingI": 0}, {"name": "metropolitana", "arcII": 1, "des": 7, "tot": 15, "ingII": 0, "ingIV": 2, "ingIII": 0, "ingV": 0, "arcI": 4, "ingI": 1}, {"name": "calibrazione", "arcII": 0, "des": 0, "tot": 15, "ingII": 4, "ingIV": 6, "ingIII": 0, "ingV": 2, "arcI": 0, "ingI": 2}, {"name": "Shanghai", "arcII": 1, "des": 5, "tot": 15, "ingII": 0, "ingIV": 0, "ingIII": 0, "ingV": 0, "arcI": 6, "ingI": 0}, {"name": "scalo ferroviario", "arcII": 9, "des": 0, "tot": 15, "ingII": 0, "ingIV": 0, "ingIII": 0, "ingV": 0, "arcI": 5, "ingI": 0}, {"name": "brand", "arcII": 0, "des": 12, "tot": 15, "ingII": 1, "ingIV": 0, "ingIII": 0, "ingV": 0, "arcI": 1, "ingI": 0}, {"name": "clustering", "arcII": 0, "des": 0, "tot": 14, "ingII": 5, "ingIV": 0, "ingIII": 0, "ingV": 7, "arcI": 0, "ingI": 0}, {"name": "cascina", "arcII": 0, "des": 3, "tot": 14, "ingII": 0, "ingIV": 0, "ingIII": 0, "ingV": 0, "arcI": 8, "ingI": 0}, {"name": "apprendimento", "arcII": 0, "des": 5, "tot": 14, "ingII": 2, "ingIV": 0, "ingIII": 0, "ingV": 5, "arcI": 1, "ingI": 0}, {"name": "energia rinnovabile", "arcII": 0, "des": 0, "tot": 14, "ingII": 5, "ingIV": 3, "ingIII": 0, "ingV": 2, "arcI": 1, "ingI": 0}, {"name": "residenze", "arcII": 6, "des": 0, "tot": 14, "ingII": 0, "ingIV": 0, "ingIII": 0, "ingV": 0, "arcI": 5, "ingI": 0}, {"name": "design dei servizi", "arcII": 0, "des": 14, "tot": 14, "ingII": 0, "ingIV": 0, "ingIII": 0, "ingV": 0, "arcI": 0, "ingI": 0}, {"name": "Twitter", "arcII": 0, "des": 3, "tot": 14, "ingII": 4, "ingIV": 0, "ingIII": 0, "ingV": 6, "arcI": 0, "ingI": 0}, {"name": "modello di business", "arcII": 0, "des": 1, "tot": 14, "ingII": 11, "ingIV": 0, "ingIII": 0, "ingV": 1, "arcI": 0, "ingI": 0}, {"name": "flussi", "arcII": 1, "des": 5, "tot": 14, "ingII": 0, "ingIV": 0, "ingIII": 0, "ingV": 0, "arcI": 6, "ingI": 1}, {"name": "colore", "arcII": 0, "des": 9, "tot": 14, "ingII": 0, "ingIV": 0, "ingIII": 0, "ingV": 0, "arcI": 2, "ingI": 0}, {"name": "ospedale", "arcII": 1, "des": 2, "tot": 14, "ingII": 2, "ingIV": 1, "ingIII": 0, "ingV": 0, "arcI": 6, "ingI": 0}, {"name": "degrado", "arcII": 1, "des": 3, "tot": 14, "ingII": 0, "ingIV": 3, "ingIII": 0, "ingV": 0, "arcI": 2, "ingI": 3}, {"name": "scaffold", "arcII": 0, "des": 0, "tot": 14, "ingII": 11, "ingIV": 0, "ingIII": 3, "ingV": 0, "arcI": 0, "ingI": 0}, {"name": "globalizzazione", "arcII": 0, "des": 2, "tot": 14, "ingII": 7, "ingIV": 0, "ingIII": 0, "ingV": 0, "arcI": 5, "ingI": 0}, {"name": "Como", "arcII": 4, "des": 2, "tot": 14, "ingII": 0, "ingIV": 0, "ingIII": 0, "ingV": 0, "arcI": 4, "ingI": 1}, {"name": "stent", "arcII": 0, "des": 0, "tot": 14, "ingII": 12, "ingIV": 0, "ingIII": 0, "ingV": 0, "arcI": 0, "ingI": 0}, {"name": "celle a combustibile", "arcII": 0, "des": 0, "tot": 14, "ingII": 0, "ingIV": 7, "ingIII": 6, "ingV": 1, "arcI": 0, "ingI": 0}, {"name": "biossido di titanio", "arcII": 0, "des": 1, "tot": 14, "ingII": 2, "ingIV": 0, "ingIII": 6, "ingV": 1, "arcI": 1, "ingI": 2}, {"name": "sisma", "arcII": 0, "des": 1, "tot": 14, "ingII": 0, "ingIV": 0, "ingIII": 0, "ingV": 0, "arcI": 3, "ingI": 5}, {"name": "Lombardia", "arcII": 1, "des": 0, "tot": 14, "ingII": 3, "ingIV": 0, "ingIII": 0, "ingV": 0, "arcI": 4, "ingI": 4}, {"name": "alluminio", "arcII": 0, "des": 4, "tot": 14, "ingII": 0, "ingIV": 5, "ingIII": 2, "ingV": 0, "arcI": 1, "ingI": 0}, {"name": "navigli", "arcII": 6, "des": 1, "tot": 14, "ingII": 0, "ingIV": 0, "ingIII": 0, "ingV": 0, "arcI": 6, "ingI": 0}, {"name": "fonti rinnovabili", "arcII": 0, "des": 0, "tot": 14, "ingII": 2, "ingIV": 0, "ingIII": 5, "ingV": 0, "arcI": 3, "ingI": 1}, {"name": "tablet", "arcII": 0, "des": 6, "tot": 14, "ingII": 2, "ingIV": 1, "ingIII": 0, "ingV": 5, "arcI": 0, "ingI": 0}, {"name": "rumore", "arcII": 0, "des": 4, "tot": 14, "ingII": 0, "ingIV": 3, "ingIII": 0, "ingV": 3, "arcI": 3, "ingI": 0}, {"name": "eventi", "arcII": 0, "des": 8, "tot": 14, "ingII": 0, "ingIV": 0, "ingIII": 0, "ingV": 2, "arcI": 2, "ingI": 0}, {"name": "danneggiamento", "arcII": 0, "des": 0, "tot": 14, "ingII": 0, "ingIV": 10, "ingIII": 2, "ingV": 0, "arcI": 1, "ingI": 0}, {"name": "riqualificazione energetica", "arcII": 1, "des": 0, "tot": 14, "ingII": 0, "ingIV": 0, "ingIII": 0, "ingV": 1, "arcI": 6, "ingI": 1}, {"name": "PGT", "arcII": 2, "des": 0, "tot": 14, "ingII": 0, "ingIV": 0, "ingIII": 0, "ingV": 0, "arcI": 11, "ingI": 0}, {"name": "emissioni", "arcII": 0, "des": 0, "tot": 14, "ingII": 1, "ingIV": 4, "ingIII": 1, "ingV": 0, "arcI": 0, "ingI": 6}, {"name": "metano", "arcII": 0, "des": 0, "tot": 13, "ingII": 0, "ingIV": 6, "ingIII": 5, "ingV": 0, "arcI": 0, "ingI": 2}, {"name": "Brescia", "arcII": 1, "des": 1, "tot": 13, "ingII": 0, "ingIV": 0, "ingIII": 0, "ingV": 0, "arcI": 10, "ingI": 0}, {"name": "alimentazione", "arcII": 0, "des": 9, "tot": 13, "ingII": 0, "ingIV": 0, "ingIII": 1, "ingV": 1, "arcI": 1, "ingI": 0}, {"name": "padiglione", "arcII": 1, "des": 3, "tot": 13, "ingII": 0, "ingIV": 0, "ingIII": 0, "ingV": 0, "arcI": 7, "ingI": 0}, {"name": "ipogeo", "arcII": 4, "des": 1, "tot": 13, "ingII": 0, "ingIV": 0, "ingIII": 0, "ingV": 0, "arcI": 6, "ingI": 0}, {"name": "metodo Monte Carlo", "arcII": 0, "des": 0, "tot": 13, "ingII": 2, "ingIV": 4, "ingIII": 1, "ingV": 2, "arcI": 0, "ingI": 2}, {"name": "ciclo di vita", "arcII": 0, "des": 1, "tot": 13, "ingII": 4, "ingIV": 0, "ingIII": 0, "ingV": 0, "arcI": 4, "ingI": 1}, {"name": "processo", "arcII": 0, "des": 3, "tot": 13, "ingII": 4, "ingIV": 0, "ingIII": 1, "ingV": 1, "arcI": 3, "ingI": 0}, {"name": "arredo urbano", "arcII": 0, "des": 10, "tot": 13, "ingII": 0, "ingIV": 0, "ingIII": 0, "ingV": 0, "arcI": 3, "ingI": 0}, {"name": "bioreattore", "arcII": 0, "des": 0, "tot": 13, "ingII": 13, "ingIV": 0, "ingIII": 0, "ingV": 0, "arcI": 0, "ingI": 0}, {"name": "studenti", "arcII": 3, "des": 2, "tot": 13, "ingII": 0, "ingIV": 0, "ingIII": 0, "ingV": 3, "arcI": 4, "ingI": 0}, {"name": "propulsione ibrida", "arcII": 0, "des": 0, "tot": 13, "ingII": 0, "ingIV": 13, "ingIII": 0, "ingV": 0, "arcI": 0, "ingI": 0}, {"name": "web 2.0", "arcII": 0, "des": 7, "tot": 13, "ingII": 3, "ingIV": 0, "ingIII": 0, "ingV": 3, "arcI": 0, "ingI": 0}, {"name": "robotica", "arcII": 0, "des": 0, "tot": 13, "ingII": 2, "ingIV": 2, "ingIII": 0, "ingV": 9, "arcI": 0, "ingI": 0}, {"name": "vetro", "arcII": 0, "des": 1, "tot": 13, "ingII": 0, "ingIV": 0, "ingIII": 2, "ingV": 0, "arcI": 7, "ingI": 1}, {"name": "biomasse", "arcII": 0, "des": 1, "tot": 13, "ingII": 4, "ingIV": 2, "ingIII": 3, "ingV": 0, "arcI": 0, "ingI": 3}, {"name": "ontologia", "arcII": 0, "des": 0, "tot": 13, "ingII": 3, "ingIV": 0, "ingIII": 0, "ingV": 7, "arcI": 0, "ingI": 2}, {"name": "controllo predittivo", "arcII": 0, "des": 0, "tot": 13, "ingII": 0, "ingIV": 2, "ingIII": 1, "ingV": 10, "arcI": 0, "ingI": 0}, {"name": "densit\u221a\u00c9\u00ac\u2020", "arcII": 1, "des": 0, "tot": 13, "ingII": 0, "ingIV": 0, "ingIII": 1, "ingV": 1, "arcI": 9, "ingI": 0}, {"name": "Vercelli", "arcII": 13, "des": 0, "tot": 13, "ingII": 0, "ingIV": 0, "ingIII": 0, "ingV": 0, "arcI": 0, "ingI": 0}, {"name": "software", "arcII": 0, "des": 3, "tot": 13, "ingII": 2, "ingIV": 2, "ingIII": 0, "ingV": 4, "arcI": 1, "ingI": 1}, {"name": "polimeri", "arcII": 0, "des": 0, "tot": 13, "ingII": 1, "ingIV": 0, "ingIII": 3, "ingV": 1, "arcI": 0, "ingI": 5}, {"name": "Cremona", "arcII": 7, "des": 0, "tot": 13, "ingII": 0, "ingIV": 0, "ingIII": 0, "ingV": 0, "arcI": 5, "ingI": 1}, {"name": "forma", "arcII": 1, "des": 6, "tot": 13, "ingII": 0, "ingIV": 0, "ingIII": 0, "ingV": 0, "arcI": 4, "ingI": 0}, {"name": "prestazioni", "arcII": 0, "des": 0, "tot": 13, "ingII": 0, "ingIV": 6, "ingIII": 0, "ingV": 4, "arcI": 1, "ingI": 1}, {"name": "mediateca", "arcII": 7, "des": 0, "tot": 13, "ingII": 0, "ingIV": 0, "ingIII": 0, "ingV": 0, "arcI": 6, "ingI": 0}, {"name": "studio di fattibilit\u221a\u00c9\u00ac\u2020", "arcII": 0, "des": 0, "tot": 13, "ingII": 1, "ingIV": 2, "ingIII": 1, "ingV": 0, "arcI": 4, "ingI": 3}, {"name": "ecosostenibilit\u221a\u00c9\u00ac\u2020", "arcII": 0, "des": 5, "tot": 13, "ingII": 1, "ingIV": 1, "ingIII": 0, "ingV": 0, "arcI": 3, "ingI": 0}, {"name": "validazione", "arcII": 0, "des": 0, "tot": 13, "ingII": 1, "ingIV": 5, "ingIII": 0, "ingV": 2, "arcI": 0, "ingI": 1}, {"name": "aree dismesse", "arcII": 2, "des": 0, "tot": 13, "ingII": 0, "ingIV": 0, "ingIII": 0, "ingV": 0, "arcI": 9, "ingI": 0}, {"name": "segmentazione", "arcII": 0, "des": 0, "tot": 13, "ingII": 10, "ingIV": 0, "ingIII": 0, "ingV": 2, "arcI": 0, "ingI": 0}, {"name": "fluidodinamica", "arcII": 0, "des": 1, "tot": 13, "ingII": 3, "ingIV": 5, "ingIII": 2, "ingV": 0, "arcI": 0, "ingI": 2}, {"name": "uffici", "arcII": 2, "des": 0, "tot": 13, "ingII": 0, "ingIV": 0, "ingIII": 0, "ingV": 0, "arcI": 9, "ingI": 0}, {"name": "automazione", "arcII": 0, "des": 2, "tot": 13, "ingII": 2, "ingIV": 1, "ingIII": 1, "ingV": 4, "arcI": 1, "ingI": 0}, {"name": "ampliamento", "arcII": 8, "des": 0, "tot": 13, "ingII": 0, "ingIV": 0, "ingIII": 0, "ingV": 0, "arcI": 4, "ingI": 1}, {"name": "network", "arcII": 0, "des": 6, "tot": 13, "ingII": 3, "ingIV": 0, "ingIII": 0, "ingV": 3, "arcI": 1, "ingI": 0}, {"name": "rifugio", "arcII": 0, "des": 2, "tot": 13, "ingII": 0, "ingIV": 0, "ingIII": 0, "ingV": 0, "arcI": 9, "ingI": 0}, {"name": "digestione anaerobica", "arcII": 0, "des": 0, "tot": 13, "ingII": 0, "ingIV": 0, "ingIII": 1, "ingV": 1, "arcI": 0, "ingI": 10}, {"name": "impatto", "arcII": 0, "des": 0, "tot": 13, "ingII": 2, "ingIV": 4, "ingIII": 1, "ingV": 1, "arcI": 0, "ingI": 5}, {"name": "fuoco", "arcII": 0, "des": 0, "tot": 13, "ingII": 0, "ingIV": 0, "ingIII": 0, "ingV": 0, "arcI": 0, "ingI": 10}, {"name": "stazione ferroviaria", "arcII": 2, "des": 2, "tot": 12, "ingII": 0, "ingIV": 0, "ingIII": 0, "ingV": 0, "arcI": 7, "ingI": 0}, {"name": "agricoltura urbana", "arcII": 0, "des": 3, "tot": 12, "ingII": 0, "ingIV": 0, "ingIII": 0, "ingV": 0, "arcI": 7, "ingI": 0}, {"name": "innovazione sociale", "arcII": 0, "des": 9, "tot": 12, "ingII": 2, "ingIV": 0, "ingIII": 0, "ingV": 0, "arcI": 0, "ingI": 0}, {"name": "sistema informativo", "arcII": 0, "des": 1, "tot": 12, "ingII": 3, "ingIV": 0, "ingIII": 0, "ingV": 0, "arcI": 1, "ingI": 0}, {"name": "percorsi", "arcII": 0, "des": 6, "tot": 12, "ingII": 0, "ingIV": 0, "ingIII": 0, "ingV": 0, "arcI": 4, "ingI": 0}, {"name": "vulnerabilit\u221a\u00c9\u00ac\u2020", "arcII": 0, "des": 0, "tot": 12, "ingII": 0, "ingIV": 1, "ingIII": 0, "ingV": 1, "arcI": 0, "ingI": 5}, {"name": "viaggio", "arcII": 0, "des": 9, "tot": 12, "ingII": 0, "ingIV": 0, "ingIII": 0, "ingV": 1, "arcI": 1, "ingI": 0}, {"name": "bioedilizia", "arcII": 0, "des": 1, "tot": 12, "ingII": 0, "ingIV": 0, "ingIII": 0, "ingV": 0, "arcI": 6, "ingI": 2}, {"name": "trasparenza", "arcII": 1, "des": 4, "tot": 12, "ingII": 2, "ingIV": 0, "ingIII": 0, "ingV": 0, "arcI": 4, "ingI": 0}, {"name": "piscina", "arcII": 3, "des": 1, "tot": 12, "ingII": 0, "ingIV": 0, "ingIII": 0, "ingV": 0, "arcI": 4, "ingI": 0}, {"name": "montagna", "arcII": 0, "des": 2, "tot": 12, "ingII": 0, "ingIV": 0, "ingIII": 0, "ingV": 0, "arcI": 7, "ingI": 0}, {"name": "SCR", "arcII": 0, "des": 0, "tot": 12, "ingII": 1, "ingIV": 0, "ingIII": 10, "ingV": 0, "arcI": 0, "ingI": 1}, {"name": "Spagna", "arcII": 0, "des": 1, "tot": 12, "ingII": 4, "ingIV": 1, "ingIII": 0, "ingV": 0, "arcI": 6, "ingI": 0}, {"name": "protezione", "arcII": 0, "des": 7, "tot": 12, "ingII": 0, "ingIV": 0, "ingIII": 1, "ingV": 2, "arcI": 0, "ingI": 2}, {"name": "spa", "arcII": 0, "des": 0, "tot": 12, "ingII": 0, "ingIV": 0, "ingIII": 0, "ingV": 0, "arcI": 7, "ingI": 0}, {"name": "CO2", "arcII": 0, "des": 0, "tot": 12, "ingII": 0, "ingIV": 6, "ingIII": 0, "ingV": 0, "arcI": 0, "ingI": 4}, {"name": "ecologia", "arcII": 2, "des": 7, "tot": 12, "ingII": 0, "ingIV": 0, "ingIII": 0, "ingV": 0, "arcI": 2, "ingI": 0}, {"name": "architettura sostenibile", "arcII": 3, "des": 0, "tot": 12, "ingII": 0, "ingIV": 0, "ingIII": 0, "ingV": 0, "arcI": 6, "ingI": 0}, {"name": "metodologia", "arcII": 1, "des": 4, "tot": 12, "ingII": 2, "ingIV": 0, "ingIII": 0, "ingV": 3, "arcI": 2, "ingI": 0}, {"name": "orti urbani", "arcII": 0, "des": 1, "tot": 12, "ingII": 0, "ingIV": 0, "ingIII": 0, "ingV": 0, "arcI": 10, "ingI": 0}, {"name": "formazione", "arcII": 2, "des": 5, "tot": 12, "ingII": 2, "ingIV": 1, "ingIII": 0, "ingV": 0, "arcI": 0, "ingI": 1}, {"name": "real time", "arcII": 0, "des": 1, "tot": 12, "ingII": 1, "ingIV": 5, "ingIII": 0, "ingV": 5, "arcI": 0, "ingI": 0}, {"name": "carcere", "arcII": 3, "des": 2, "tot": 12, "ingII": 0, "ingIV": 0, "ingIII": 0, "ingV": 0, "arcI": 7, "ingI": 0}, {"name": "packaging", "arcII": 0, "des": 12, "tot": 12, "ingII": 0, "ingIV": 0, "ingIII": 0, "ingV": 0, "arcI": 0, "ingI": 0}, {"name": "Villa Adriana", "arcII": 5, "des": 0, "tot": 12, "ingII": 0, "ingIV": 0, "ingIII": 0, "ingV": 0, "arcI": 7, "ingI": 0}, {"name": "banca", "arcII": 1, "des": 0, "tot": 12, "ingII": 10, "ingIV": 0, "ingIII": 0, "ingV": 0, "arcI": 0, "ingI": 0}, {"name": "anziani", "arcII": 1, "des": 8, "tot": 12, "ingII": 0, "ingIV": 0, "ingIII": 0, "ingV": 0, "arcI": 3, "ingI": 0}, {"name": "tessile", "arcII": 1, "des": 4, "tot": 12, "ingII": 1, "ingIV": 1, "ingIII": 0, "ingV": 0, "arcI": 3, "ingI": 0}, {"name": "immagine", "arcII": 0, "des": 8, "tot": 12, "ingII": 2, "ingIV": 0, "ingIII": 0, "ingV": 0, "arcI": 2, "ingI": 0}, {"name": "telemedicina", "arcII": 0, "des": 0, "tot": 12, "ingII": 11, "ingIV": 0, "ingIII": 0, "ingV": 0, "arcI": 0, "ingI": 0}, {"name": "incertezza", "arcII": 0, "des": 0, "tot": 12, "ingII": 4, "ingIV": 5, "ingIII": 0, "ingV": 0, "arcI": 0, "ingI": 0}, {"name": "scalo Farini", "arcII": 7, "des": 0, "tot": 12, "ingII": 0, "ingIV": 0, "ingIII": 0, "ingV": 0, "arcI": 5, "ingI": 0}, {"name": "modellazione numerica", "arcII": 0, "des": 0, "tot": 12, "ingII": 1, "ingIV": 1, "ingIII": 2, "ingV": 0, "arcI": 0, "ingI": 5}, {"name": "cinetica", "arcII": 0, "des": 0, "tot": 12, "ingII": 0, "ingIV": 0, "ingIII": 8, "ingV": 1, "arcI": 1, "ingI": 0}, {"name": "ibrido", "arcII": 0, "des": 3, "tot": 12, "ingII": 1, "ingIV": 3, "ingIII": 2, "ingV": 1, "arcI": 1, "ingI": 0}, {"name": "elettrodeposizione", "arcII": 0, "des": 0, "tot": 12, "ingII": 1, "ingIV": 0, "ingIII": 10, "ingV": 0, "arcI": 0, "ingI": 0}, {"name": "disabilit\u221a\u00c9\u00ac\u2020", "arcII": 0, "des": 7, "tot": 12, "ingII": 1, "ingIV": 0, "ingIII": 0, "ingV": 0, "arcI": 4, "ingI": 0}, {"name": "Naviglio Grande", "arcII": 5, "des": 1, "tot": 12, "ingII": 0, "ingIV": 0, "ingIII": 0, "ingV": 0, "arcI": 6, "ingI": 0}, {"name": "normativa", "arcII": 0, "des": 0, "tot": 12, "ingII": 7, "ingIV": 1, "ingIII": 0, "ingV": 0, "arcI": 2, "ingI": 1}, {"name": "grattacielo", "arcII": 0, "des": 0, "tot": 12, "ingII": 0, "ingIV": 0, "ingIII": 0, "ingV": 0, "arcI": 8, "ingI": 0}, {"name": "rilievo", "arcII": 0, "des": 0, "tot": 12, "ingII": 0, "ingIV": 0, "ingIII": 0, "ingV": 0, "arcI": 9, "ingI": 2}, {"name": "applicazione web", "arcII": 0, "des": 2, "tot": 12, "ingII": 2, "ingIV": 0, "ingIII": 0, "ingV": 5, "arcI": 0, "ingI": 1}, {"name": "applicazioni", "arcII": 0, "des": 0, "tot": 12, "ingII": 9, "ingIV": 1, "ingIII": 0, "ingV": 0, "arcI": 0, "ingI": 0}, {"name": "Turchia", "arcII": 0, "des": 1, "tot": 12, "ingII": 7, "ingIV": 0, "ingIII": 0, "ingV": 0, "arcI": 3, "ingI": 0}, {"name": "galleria", "arcII": 0, "des": 1, "tot": 12, "ingII": 0, "ingIV": 2, "ingIII": 0, "ingV": 0, "arcI": 2, "ingI": 7}, {"name": "privacy", "arcII": 1, "des": 1, "tot": 12, "ingII": 2, "ingIV": 0, "ingIII": 0, "ingV": 7, "arcI": 1, "ingI": 0}, {"name": "cantiere", "arcII": 0, "des": 1, "tot": 12, "ingII": 1, "ingIV": 0, "ingIII": 0, "ingV": 0, "arcI": 3, "ingI": 4}, {"name": "semiotica", "arcII": 0, "des": 12, "tot": 12, "ingII": 0, "ingIV": 0, "ingIII": 0, "ingV": 0, "arcI": 0, "ingI": 0}, {"name": "centro storico", "arcII": 1, "des": 1, "tot": 12, "ingII": 0, "ingIV": 0, "ingIII": 0, "ingV": 0, "arcI": 10, "ingI": 0}, {"name": "vino", "arcII": 0, "des": 1, "tot": 12, "ingII": 2, "ingIV": 0, "ingIII": 0, "ingV": 0, "arcI": 9, "ingI": 0}, {"name": "energia eolica", "arcII": 0, "des": 0, "tot": 12, "ingII": 2, "ingIV": 7, "ingIII": 0, "ingV": 1, "arcI": 1, "ingI": 1}, {"name": "pubblicit\u221a\u00c9\u00ac\u2020", "arcII": 0, "des": 8, "tot": 11, "ingII": 2, "ingIV": 0, "ingIII": 0, "ingV": 0, "arcI": 1, "ingI": 0}, {"name": "analisi di sensitivit\u221a\u00c9\u00ac\u2020", "arcII": 0, "des": 0, "tot": 11, "ingII": 0, "ingIV": 4, "ingIII": 0, "ingV": 0, "arcI": 1, "ingI": 1}, {"name": "Facebook", "arcII": 0, "des": 4, "tot": 11, "ingII": 4, "ingIV": 0, "ingIII": 0, "ingV": 1, "arcI": 0, "ingI": 0}, {"name": "pietra", "arcII": 2, "des": 4, "tot": 11, "ingII": 0, "ingIV": 0, "ingIII": 0, "ingV": 0, "arcI": 3, "ingI": 0}, {"name": "aerogeneratore", "arcII": 0, "des": 0, "tot": 11, "ingII": 1, "ingIV": 9, "ingIII": 0, "ingV": 1, "arcI": 0, "ingI": 0}, {"name": "rifiuti", "arcII": 0, "des": 0, "tot": 11, "ingII": 3, "ingIV": 0, "ingIII": 2, "ingV": 0, "arcI": 3, "ingI": 1}, {"name": "centro sportivo", "arcII": 1, "des": 0, "tot": 11, "ingII": 0, "ingIV": 0, "ingIII": 0, "ingV": 0, "arcI": 6, "ingI": 0}, {"name": "OpenFOAM", "arcII": 0, "des": 0, "tot": 11, "ingII": 0, "ingIV": 9, "ingIII": 1, "ingV": 0, "arcI": 0, "ingI": 0}, {"name": "chiesa", "arcII": 2, "des": 1, "tot": 11, "ingII": 0, "ingIV": 0, "ingIII": 0, "ingV": 0, "arcI": 6, "ingI": 1}, {"name": "algoritmi", "arcII": 0, "des": 0, "tot": 11, "ingII": 3, "ingIV": 1, "ingIII": 0, "ingV": 6, "arcI": 0, "ingI": 0}, {"name": "governance", "arcII": 0, "des": 0, "tot": 11, "ingII": 4, "ingIV": 0, "ingIII": 0, "ingV": 1, "arcI": 5, "ingI": 0}, {"name": "prodotto", "arcII": 0, "des": 8, "tot": 11, "ingII": 3, "ingIV": 0, "ingIII": 0, "ingV": 0, "arcI": 0, "ingI": 0}, {"name": "smart city", "arcII": 0, "des": 2, "tot": 11, "ingII": 1, "ingIV": 1, "ingIII": 0, "ingV": 0, "arcI": 4, "ingI": 0}, {"name": "rappresentazione", "arcII": 0, "des": 6, "tot": 11, "ingII": 0, "ingIV": 0, "ingIII": 0, "ingV": 1, "arcI": 4, "ingI": 0}, {"name": "infrastrutture critiche", "arcII": 0, "des": 0, "tot": 11, "ingII": 1, "ingIV": 6, "ingIII": 0, "ingV": 0, "arcI": 0, "ingI": 2}, {"name": "Roma", "arcII": 0, "des": 0, "tot": 11, "ingII": 0, "ingIV": 0, "ingIII": 0, "ingV": 0, "arcI": 11, "ingI": 0}, {"name": "certificazione energetica", "arcII": 0, "des": 0, "tot": 11, "ingII": 1, "ingIV": 0, "ingIII": 0, "ingV": 0, "arcI": 4, "ingI": 1}, {"name": "algoritmo genetico", "arcII": 0, "des": 0, "tot": 11, "ingII": 3, "ingIV": 1, "ingIII": 2, "ingV": 3, "arcI": 1, "ingI": 0}, {"name": "Brasile", "arcII": 0, "des": 4, "tot": 11, "ingII": 6, "ingIV": 0, "ingIII": 0, "ingV": 0, "arcI": 1, "ingI": 0}, {"name": "futuro", "arcII": 0, "des": 11, "tot": 11, "ingII": 0, "ingIV": 0, "ingIII": 0, "ingV": 0, "arcI": 0, "ingI": 0}, {"name": "fibre", "arcII": 0, "des": 0, "tot": 11, "ingII": 0, "ingIV": 0, "ingIII": 0, "ingV": 0, "arcI": 0, "ingI": 10}, {"name": "riabilitazione", "arcII": 1, "des": 2, "tot": 11, "ingII": 2, "ingIV": 1, "ingIII": 0, "ingV": 1, "arcI": 3, "ingI": 0}, {"name": "processi", "arcII": 0, "des": 4, "tot": 11, "ingII": 3, "ingIV": 0, "ingIII": 1, "ingV": 3, "arcI": 0, "ingI": 0}, {"name": "dismissione", "arcII": 1, "des": 2, "tot": 11, "ingII": 0, "ingIV": 0, "ingIII": 0, "ingV": 0, "arcI": 6, "ingI": 0}, {"name": "riciclaggio", "arcII": 0, "des": 2, "tot": 11, "ingII": 3, "ingIV": 0, "ingIII": 0, "ingV": 0, "arcI": 1, "ingI": 4}, {"name": "scenario", "arcII": 1, "des": 6, "tot": 11, "ingII": 0, "ingIV": 0, "ingIII": 0, "ingV": 3, "arcI": 0, "ingI": 1}, {"name": "eolico", "arcII": 0, "des": 0, "tot": 11, "ingII": 5, "ingIV": 2, "ingIII": 1, "ingV": 1, "arcI": 0, "ingI": 2}, {"name": "PCM", "arcII": 0, "des": 2, "tot": 11, "ingII": 1, "ingIV": 1, "ingIII": 0, "ingV": 7, "arcI": 0, "ingI": 0}, {"name": "linee guida", "arcII": 1, "des": 3, "tot": 11, "ingII": 0, "ingIV": 0, "ingIII": 0, "ingV": 2, "arcI": 3, "ingI": 0}, {"name": "microstruttura", "arcII": 0, "des": 0, "tot": 11, "ingII": 1, "ingIV": 6, "ingIII": 3, "ingV": 0, "arcI": 0, "ingI": 1}, {"name": "organizzazione", "arcII": 0, "des": 1, "tot": 11, "ingII": 7, "ingIV": 0, "ingIII": 0, "ingV": 1, "arcI": 1, "ingI": 0}, {"name": "business plan", "arcII": 0, "des": 0, "tot": 11, "ingII": 9, "ingIV": 0, "ingIII": 0, "ingV": 0, "arcI": 1, "ingI": 0}, {"name": "certificazione", "arcII": 0, "des": 2, "tot": 11, "ingII": 4, "ingIV": 1, "ingIII": 0, "ingV": 0, "arcI": 2, "ingI": 0}, {"name": "autoproduzione", "arcII": 0, "des": 11, "tot": 11, "ingII": 0, "ingIV": 0, "ingIII": 0, "ingV": 0, "arcI": 0, "ingI": 0}, {"name": "edilizia sociale", "arcII": 0, "des": 0, "tot": 11, "ingII": 0, "ingIV": 0, "ingIII": 0, "ingV": 0, "arcI": 8, "ingI": 0}, {"name": "indicatori", "arcII": 0, "des": 0, "tot": 11, "ingII": 5, "ingIV": 0, "ingIII": 0, "ingV": 0, "arcI": 3, "ingI": 1}, {"name": "KPI", "arcII": 0, "des": 0, "tot": 11, "ingII": 6, "ingIV": 3, "ingIII": 0, "ingV": 1, "arcI": 0, "ingI": 0}, {"name": "HTPB", "arcII": 0, "des": 0, "tot": 11, "ingII": 0, "ingIV": 10, "ingIII": 0, "ingV": 0, "arcI": 0, "ingI": 0}, {"name": "commercio", "arcII": 0, "des": 1, "tot": 11, "ingII": 2, "ingIV": 0, "ingIII": 0, "ingV": 0, "arcI": 7, "ingI": 0}, {"name": "distribuzione", "arcII": 0, "des": 3, "tot": 11, "ingII": 3, "ingIV": 1, "ingIII": 1, "ingV": 2, "arcI": 0, "ingI": 1}, {"name": "invecchiamento", "arcII": 0, "des": 6, "tot": 11, "ingII": 0, "ingIV": 2, "ingIII": 2, "ingV": 1, "arcI": 0, "ingI": 0}, {"name": "salute", "arcII": 0, "des": 3, "tot": 11, "ingII": 2, "ingIV": 0, "ingIII": 0, "ingV": 1, "arcI": 3, "ingI": 0}, {"name": "velocit\u221a\u00c9\u00ac\u2020 di regressione", "arcII": 0, "des": 0, "tot": 11, "ingII": 0, "ingIV": 11, "ingIII": 0, "ingV": 0, "arcI": 0, "ingI": 0}, {"name": "consumo energetico", "arcII": 0, "des": 0, "tot": 11, "ingII": 1, "ingIV": 1, "ingIII": 1, "ingV": 4, "arcI": 0, "ingI": 1}, {"name": "meccanica della frattura", "arcII": 0, "des": 0, "tot": 11, "ingII": 0, "ingIV": 4, "ingIII": 4, "ingV": 0, "arcI": 0, "ingI": 2}, {"name": "TCSPC", "arcII": 0, "des": 0, "tot": 11, "ingII": 0, "ingIV": 0, "ingIII": 0, "ingV": 9, "arcI": 0, "ingI": 0}, {"name": "immagini", "arcII": 0, "des": 4, "tot": 11, "ingII": 3, "ingIV": 0, "ingIII": 0, "ingV": 3, "arcI": 1, "ingI": 0}, {"name": "cattura della CO2", "arcII": 0, "des": 0, "tot": 11, "ingII": 0, "ingIV": 10, "ingIII": 0, "ingV": 0, "arcI": 0, "ingI": 0}, {"name": "Europa", "arcII": 0, "des": 0, "tot": 11, "ingII": 4, "ingIV": 0, "ingIII": 0, "ingV": 0, "arcI": 4, "ingI": 2}, {"name": "centro benessere", "arcII": 0, "des": 0, "tot": 11, "ingII": 0, "ingIV": 0, "ingIII": 0, "ingV": 0, "arcI": 4, "ingI": 0}, {"name": "strategie", "arcII": 0, "des": 0, "tot": 11, "ingII": 3, "ingIV": 0, "ingIII": 0, "ingV": 0, "arcI": 6, "ingI": 2}, {"name": "open source", "arcII": 0, "des": 4, "tot": 11, "ingII": 4, "ingIV": 1, "ingIII": 0, "ingV": 2, "arcI": 0, "ingI": 0}, {"name": "usura", "arcII": 0, "des": 1, "tot": 11, "ingII": 1, "ingIV": 6, "ingIII": 3, "ingV": 0, "arcI": 0, "ingI": 0}, {"name": "modulo", "arcII": 1, "des": 7, "tot": 11, "ingII": 0, "ingIV": 0, "ingIII": 0, "ingV": 0, "arcI": 2, "ingI": 0}, {"name": "temporaneit\u221a\u00c9\u00ac\u2020", "arcII": 0, "des": 5, "tot": 11, "ingII": 0, "ingIV": 0, "ingIII": 0, "ingV": 0, "arcI": 5, "ingI": 0}, {"name": "openFoam", "arcII": 0, "des": 0, "tot": 11, "ingII": 0, "ingIV": 9, "ingIII": 2, "ingV": 0, "arcI": 0, "ingI": 0}, {"name": "titanio", "arcII": 0, "des": 1, "tot": 11, "ingII": 1, "ingIV": 4, "ingIII": 3, "ingV": 1, "arcI": 0, "ingI": 0}, {"name": "finanza", "arcII": 0, "des": 0, "tot": 11, "ingII": 7, "ingIV": 0, "ingIII": 0, "ingV": 0, "arcI": 1, "ingI": 0}, {"name": "interni", "arcII": 0, "des": 7, "tot": 11, "ingII": 0, "ingIV": 0, "ingIII": 0, "ingV": 0, "arcI": 3, "ingI": 0}, {"name": "investimenti", "arcII": 0, "des": 0, "tot": 11, "ingII": 8, "ingIV": 0, "ingIII": 0, "ingV": 0, "arcI": 1, "ingI": 0}, {"name": "simulazioni", "arcII": 0, "des": 0, "tot": 11, "ingII": 2, "ingIV": 1, "ingIII": 1, "ingV": 3, "arcI": 0, "ingI": 3}, {"name": "strumenti", "arcII": 0, "des": 5, "tot": 11, "ingII": 3, "ingIV": 0, "ingIII": 0, "ingV": 1, "arcI": 2, "ingI": 0}, {"name": "operations", "arcII": 0, "des": 0, "tot": 11, "ingII": 8, "ingIV": 2, "ingIII": 0, "ingV": 0, "arcI": 0, "ingI": 0}, {"name": "leghe a memoria di forma", "arcII": 0, "des": 2, "tot": 11, "ingII": 0, "ingIV": 7, "ingIII": 2, "ingV": 0, "arcI": 0, "ingI": 0}, {"name": "consumo", "arcII": 0, "des": 5, "tot": 11, "ingII": 2, "ingIV": 0, "ingIII": 0, "ingV": 2, "arcI": 1, "ingI": 0}, {"name": "rinnovabili", "arcII": 0, "des": 1, "tot": 11, "ingII": 9, "ingIV": 0, "ingIII": 0, "ingV": 1, "arcI": 0, "ingI": 0}, {"name": "mappa", "arcII": 0, "des": 8, "tot": 11, "ingII": 0, "ingIV": 0, "ingIII": 0, "ingV": 2, "arcI": 1, "ingI": 0}, {"name": "veicolo elettrico", "arcII": 0, "des": 1, "tot": 11, "ingII": 1, "ingIV": 1, "ingIII": 3, "ingV": 4, "arcI": 0, "ingI": 0}, {"name": "visione artificiale", "arcII": 0, "des": 0, "tot": 11, "ingII": 0, "ingIV": 2, "ingIII": 0, "ingV": 8, "arcI": 0, "ingI": 0}, {"name": "diagnostica", "arcII": 0, "des": 0, "tot": 11, "ingII": 0, "ingIV": 6, "ingIII": 0, "ingV": 0, "arcI": 1, "ingI": 1}, {"name": "tassonomia", "arcII": 0, "des": 0, "tot": 11, "ingII": 4, "ingIV": 4, "ingIII": 0, "ingV": 3, "arcI": 0, "ingI": 0}, {"name": "pirolisi", "arcII": 0, "des": 0, "tot": 11, "ingII": 0, "ingIV": 2, "ingIII": 7, "ingV": 0, "arcI": 0, "ingI": 0}, {"name": "driver", "arcII": 0, "des": 0, "tot": 11, "ingII": 6, "ingIV": 3, "ingIII": 0, "ingV": 2, "arcI": 0, "ingI": 0}, {"name": "modelli", "arcII": 0, "des": 1, "tot": 11, "ingII": 0, "ingIV": 0, "ingIII": 0, "ingV": 7, "arcI": 0, "ingI": 2}, {"name": "abitazione", "arcII": 1, "des": 2, "tot": 11, "ingII": 1, "ingIV": 0, "ingIII": 0, "ingV": 0, "arcI": 6, "ingI": 0}, {"name": "delaminazione", "arcII": 0, "des": 0, "tot": 11, "ingII": 0, "ingIV": 7, "ingIII": 0, "ingV": 0, "arcI": 0, "ingI": 2}, {"name": "abbandono", "arcII": 0, "des": 1, "tot": 10, "ingII": 0, "ingIV": 0, "ingIII": 0, "ingV": 0, "arcI": 9, "ingI": 0}]