[{"name": "sustainability", "arcII": 11, "des": 41, "tot": 228, "ingII": 47, "ingIV": 7, "ingIII": 0, "ingV": 0, "arcI": 72, "ingI": 5}, {"name": "Milan", "arcII": 43, "des": 34, "tot": 166, "ingII": 2, "ingIV": 0, "ingIII": 0, "ingV": 1, "arcI": 69, "ingI": 6}, {"name": "landscape", "arcII": 19, "des": 9, "tot": 161, "ingII": 0, "ingIV": 0, "ingIII": 0, "ingV": 0, "arcI": 121, "ingI": 0}, {"name": "museum", "arcII": 27, "des": 26, "tot": 142, "ingII": 0, "ingIV": 0, "ingIII": 0, "ingV": 1, "arcI": 82, "ingI": 0}, {"name": "design", "arcII": 1, "des": 96, "tot": 141, "ingII": 7, "ingIV": 4, "ingIII": 0, "ingV": 7, "arcI": 8, "ingI": 3}, {"name": "energy efficiency", "arcII": 1, "des": 1, "tot": 84, "ingII": 22, "ingIV": 16, "ingIII": 1, "ingV": 21, "arcI": 5, "ingI": 4}, {"name": "public space", "arcII": 8, "des": 18, "tot": 84, "ingII": 0, "ingIV": 0, "ingIII": 0, "ingV": 0, "arcI": 54, "ingI": 0}, {"name": "reuse", "arcII": 8, "des": 22, "tot": 81, "ingII": 0, "ingIV": 0, "ingIII": 0, "ingV": 0, "arcI": 46, "ingI": 3}, {"name": "optimization", "arcII": 0, "des": 0, "tot": 78, "ingII": 9, "ingIV": 34, "ingIII": 7, "ingV": 13, "arcI": 1, "ingI": 3}, {"name": "CFD", "arcII": 0, "des": 0, "tot": 75, "ingII": 3, "ingIV": 47, "ingIII": 12, "ingV": 1, "arcI": 0, "ingI": 1}, {"name": "social housing", "arcII": 17, "des": 8, "tot": 74, "ingII": 0, "ingIV": 0, "ingIII": 0, "ingV": 0, "arcI": 36, "ingI": 1}, {"name": "innovation", "arcII": 2, "des": 24, "tot": 71, "ingII": 25, "ingIV": 1, "ingIII": 1, "ingV": 0, "arcI": 5, "ingI": 1}, {"name": "architecture", "arcII": 5, "des": 8, "tot": 69, "ingII": 1, "ingIV": 0, "ingIII": 0, "ingV": 2, "arcI": 44, "ingI": 0}, {"name": "energy", "arcII": 1, "des": 7, "tot": 68, "ingII": 11, "ingIV": 3, "ingIII": 1, "ingV": 11, "arcI": 10, "ingI": 8}, {"name": "city", "arcII": 11, "des": 28, "tot": 65, "ingII": 0, "ingIV": 0, "ingIII": 0, "ingV": 1, "arcI": 19, "ingI": 3}, {"name": "park", "arcII": 15, "des": 7, "tot": 63, "ingII": 0, "ingIV": 0, "ingIII": 0, "ingV": 0, "arcI": 36, "ingI": 0}, {"name": "model", "arcII": 0, "des": 3, "tot": 62, "ingII": 7, "ingIV": 12, "ingIII": 6, "ingV": 20, "arcI": 0, "ingI": 11}, {"name": "housing", "arcII": 20, "des": 2, "tot": 61, "ingII": 0, "ingIV": 0, "ingIII": 0, "ingV": 0, "arcI": 31, "ingI": 0}, {"name": "redevelopment", "arcII": 11, "des": 4, "tot": 61, "ingII": 0, "ingIV": 0, "ingIII": 0, "ingV": 0, "arcI": 35, "ingI": 0}, {"name": "wood", "arcII": 8, "des": 15, "tot": 61, "ingII": 1, "ingIV": 0, "ingIII": 1, "ingV": 1, "arcI": 19, "ingI": 3}, {"name": "communication", "arcII": 1, "des": 43, "tot": 59, "ingII": 5, "ingIV": 1, "ingIII": 1, "ingV": 0, "arcI": 7, "ingI": 0}, {"name": "supply chain", "arcII": 0, "des": 2, "tot": 57, "ingII": 43, "ingIV": 6, "ingIII": 0, "ingV": 0, "arcI": 0, "ingI": 1}, {"name": "library", "arcII": 14, "des": 9, "tot": 56, "ingII": 1, "ingIV": 0, "ingIII": 0, "ingV": 2, "arcI": 23, "ingI": 0}, {"name": "project", "arcII": 4, "des": 11, "tot": 55, "ingII": 4, "ingIV": 1, "ingIII": 1, "ingV": 2, "arcI": 20, "ingI": 3}, {"name": "infrastructure", "arcII": 8, "des": 2, "tot": 53, "ingII": 2, "ingIV": 0, "ingIII": 0, "ingV": 1, "arcI": 33, "ingI": 0}, {"name": "simulation", "arcII": 0, "des": 0, "tot": 53, "ingII": 11, "ingIV": 14, "ingIII": 4, "ingV": 13, "arcI": 0, "ingI": 2}, {"name": "water", "arcII": 4, "des": 11, "tot": 51, "ingII": 2, "ingIV": 4, "ingIII": 0, "ingV": 0, "arcI": 24, "ingI": 2}, {"name": "performance", "arcII": 1, "des": 5, "tot": 50, "ingII": 17, "ingIV": 7, "ingIII": 0, "ingV": 10, "arcI": 3, "ingI": 0}, {"name": "control", "arcII": 0, "des": 0, "tot": 49, "ingII": 0, "ingIV": 14, "ingIII": 3, "ingV": 22, "arcI": 1, "ingI": 0}, {"name": "earthquake", "arcII": 4, "des": 11, "tot": 48, "ingII": 1, "ingIV": 0, "ingIII": 1, "ingV": 0, "arcI": 13, "ingI": 9}, {"name": "photovoltaic", "arcII": 0, "des": 4, "tot": 46, "ingII": 11, "ingIV": 2, "ingIII": 7, "ingV": 8, "arcI": 2, "ingI": 1}, {"name": "efficiency", "arcII": 0, "des": 1, "tot": 45, "ingII": 14, "ingIV": 10, "ingIII": 2, "ingV": 9, "arcI": 1, "ingI": 2}, {"name": "development", "arcII": 1, "des": 9, "tot": 44, "ingII": 5, "ingIV": 1, "ingIII": 0, "ingV": 6, "arcI": 16, "ingI": 1}, {"name": "social network", "arcII": 0, "des": 22, "tot": 44, "ingII": 6, "ingIV": 0, "ingIII": 0, "ingV": 12, "arcI": 0, "ingI": 0}, {"name": "renewable energy", "arcII": 0, "des": 1, "tot": 43, "ingII": 17, "ingIV": 6, "ingIII": 3, "ingV": 3, "arcI": 3, "ingI": 2}, {"name": "station", "arcII": 14, "des": 3, "tot": 43, "ingII": 0, "ingIV": 0, "ingIII": 0, "ingV": 0, "arcI": 24, "ingI": 0}, {"name": "green", "arcII": 2, "des": 10, "tot": 43, "ingII": 1, "ingIV": 0, "ingIII": 0, "ingV": 4, "arcI": 17, "ingI": 1}, {"name": "waterfront", "arcII": 3, "des": 3, "tot": 43, "ingII": 0, "ingIV": 0, "ingIII": 0, "ingV": 0, "arcI": 34, "ingI": 0}, {"name": "fashion", "arcII": 0, "des": 28, "tot": 43, "ingII": 9, "ingIV": 0, "ingIII": 0, "ingV": 0, "arcI": 4, "ingI": 0}, {"name": "network", "arcII": 0, "des": 14, "tot": 43, "ingII": 6, "ingIV": 0, "ingIII": 0, "ingV": 8, "arcI": 9, "ingI": 1}, {"name": "integration", "arcII": 4, "des": 5, "tot": 42, "ingII": 7, "ingIV": 3, "ingIII": 1, "ingV": 6, "arcI": 10, "ingI": 0}, {"name": "mobile", "arcII": 0, "des": 11, "tot": 42, "ingII": 17, "ingIV": 0, "ingIII": 0, "ingV": 12, "arcI": 1, "ingI": 0}, {"name": "LCA", "arcII": 0, "des": 1, "tot": 41, "ingII": 1, "ingIV": 2, "ingIII": 3, "ingV": 0, "arcI": 4, "ingI": 16}, {"name": "analysis", "arcII": 0, "des": 5, "tot": 41, "ingII": 12, "ingIV": 2, "ingIII": 0, "ingV": 8, "arcI": 6, "ingI": 3}, {"name": "culture", "arcII": 2, "des": 14, "tot": 40, "ingII": 3, "ingIV": 0, "ingIII": 0, "ingV": 0, "arcI": 18, "ingI": 0}, {"name": "ICT", "arcII": 0, "des": 3, "tot": 40, "ingII": 30, "ingIV": 1, "ingIII": 0, "ingV": 0, "arcI": 3, "ingI": 1}, {"name": "concrete", "arcII": 3, "des": 2, "tot": 40, "ingII": 0, "ingIV": 0, "ingIII": 4, "ingV": 0, "arcI": 7, "ingI": 14}, {"name": "Italy", "arcII": 0, "des": 7, "tot": 40, "ingII": 21, "ingIV": 1, "ingIII": 1, "ingV": 0, "arcI": 6, "ingI": 0}, {"name": "management", "arcII": 0, "des": 1, "tot": 39, "ingII": 10, "ingIV": 1, "ingIII": 0, "ingV": 5, "arcI": 8, "ingI": 2}, {"name": "art", "arcII": 3, "des": 23, "tot": 39, "ingII": 0, "ingIV": 0, "ingIII": 0, "ingV": 0, "arcI": 11, "ingI": 0}, {"name": "identity", "arcII": 1, "des": 19, "tot": 38, "ingII": 0, "ingIV": 0, "ingIII": 0, "ingV": 0, "arcI": 17, "ingI": 0}, {"name": "Milano", "arcII": 7, "des": 12, "tot": 38, "ingII": 1, "ingIV": 0, "ingIII": 0, "ingV": 0, "arcI": 17, "ingI": 0}, {"name": "system", "arcII": 1, "des": 16, "tot": 38, "ingII": 6, "ingIV": 1, "ingIII": 0, "ingV": 7, "arcI": 3, "ingI": 2}, {"name": "flexibility", "arcII": 1, "des": 6, "tot": 38, "ingII": 2, "ingIV": 1, "ingIII": 0, "ingV": 0, "arcI": 19, "ingI": 0}, {"name": "school", "arcII": 4, "des": 9, "tot": 37, "ingII": 2, "ingIV": 0, "ingIII": 0, "ingV": 0, "arcI": 14, "ingI": 1}, {"name": "sustainable", "arcII": 5, "des": 9, "tot": 37, "ingII": 3, "ingIV": 0, "ingIII": 0, "ingV": 0, "arcI": 11, "ingI": 0}, {"name": "fatigue", "arcII": 0, "des": 0, "tot": 37, "ingII": 5, "ingIV": 23, "ingIII": 2, "ingV": 0, "arcI": 0, "ingI": 4}, {"name": "urban", "arcII": 4, "des": 12, "tot": 37, "ingII": 0, "ingIV": 0, "ingIII": 0, "ingV": 0, "arcI": 15, "ingI": 0}, {"name": "safety", "arcII": 0, "des": 6, "tot": 35, "ingII": 5, "ingIV": 2, "ingIII": 5, "ingV": 5, "arcI": 3, "ingI": 5}, {"name": "mobility", "arcII": 0, "des": 11, "tot": 35, "ingII": 5, "ingIV": 0, "ingIII": 0, "ingV": 2, "arcI": 12, "ingI": 2}, {"name": "Alzheimer", "arcII": 0, "des": 33, "tot": 35, "ingII": 0, "ingIV": 0, "ingIII": 0, "ingV": 0, "arcI": 2, "ingI": 0}, {"name": "environment", "arcII": 2, "des": 4, "tot": 35, "ingII": 6, "ingIV": 0, "ingIII": 1, "ingV": 1, "arcI": 13, "ingI": 2}, {"name": "music", "arcII": 2, "des": 12, "tot": 34, "ingII": 1, "ingIV": 0, "ingIII": 0, "ingV": 5, "arcI": 10, "ingI": 0}, {"name": "university", "arcII": 19, "des": 4, "tot": 34, "ingII": 2, "ingIV": 0, "ingIII": 0, "ingV": 1, "arcI": 3, "ingI": 1}, {"name": "cultural heritage", "arcII": 0, "des": 7, "tot": 34, "ingII": 0, "ingIV": 0, "ingIII": 0, "ingV": 1, "arcI": 15, "ingI": 0}, {"name": "tourism", "arcII": 0, "des": 11, "tot": 34, "ingII": 3, "ingIV": 0, "ingIII": 0, "ingV": 4, "arcI": 14, "ingI": 0}, {"name": "risk management", "arcII": 0, "des": 0, "tot": 33, "ingII": 19, "ingIV": 5, "ingIII": 1, "ingV": 1, "arcI": 0, "ingI": 1}, {"name": "accessibility", "arcII": 4, "des": 6, "tot": 33, "ingII": 2, "ingIV": 0, "ingIII": 0, "ingV": 0, "arcI": 15, "ingI": 1}, {"name": "railway", "arcII": 10, "des": 0, "tot": 33, "ingII": 0, "ingIV": 2, "ingIII": 2, "ingV": 0, "arcI": 16, "ingI": 3}, {"name": "maintenance", "arcII": 0, "des": 0, "tot": 33, "ingII": 5, "ingIV": 10, "ingIII": 1, "ingV": 2, "arcI": 1, "ingI": 4}, {"name": "strategy", "arcII": 0, "des": 7, "tot": 33, "ingII": 17, "ingIV": 1, "ingIII": 0, "ingV": 0, "arcI": 5, "ingI": 1}, {"name": "hotel", "arcII": 1, "des": 5, "tot": 33, "ingII": 0, "ingIV": 0, "ingIII": 0, "ingV": 1, "arcI": 14, "ingI": 0}, {"name": "territory", "arcII": 1, "des": 17, "tot": 33, "ingII": 0, "ingIV": 0, "ingIII": 0, "ingV": 0, "arcI": 14, "ingI": 0}, {"name": "conservation", "arcII": 4, "des": 1, "tot": 32, "ingII": 0, "ingIV": 1, "ingIII": 0, "ingV": 0, "arcI": 22, "ingI": 0}, {"name": "public spaces", "arcII": 2, "des": 3, "tot": 32, "ingII": 0, "ingIV": 0, "ingIII": 0, "ingV": 0, "arcI": 27, "ingI": 0}, {"name": "social", "arcII": 0, "des": 8, "tot": 32, "ingII": 5, "ingIV": 0, "ingIII": 0, "ingV": 7, "arcI": 12, "ingI": 0}, {"name": "project management", "arcII": 0, "des": 1, "tot": 32, "ingII": 17, "ingIV": 3, "ingIII": 0, "ingV": 1, "arcI": 3, "ingI": 0}, {"name": "China", "arcII": 1, "des": 16, "tot": 31, "ingII": 7, "ingIV": 1, "ingIII": 0, "ingV": 0, "arcI": 4, "ingI": 0}, {"name": "monitoring", "arcII": 0, "des": 3, "tot": 31, "ingII": 3, "ingIV": 2, "ingIII": 1, "ingV": 10, "arcI": 4, "ingI": 4}, {"name": "interaction", "arcII": 0, "des": 25, "tot": 31, "ingII": 0, "ingIV": 3, "ingIII": 0, "ingV": 2, "arcI": 1, "ingI": 0}, {"name": "recovery", "arcII": 1, "des": 5, "tot": 30, "ingII": 1, "ingIV": 0, "ingIII": 0, "ingV": 2, "arcI": 14, "ingI": 0}, {"name": "restoration", "arcII": 5, "des": 0, "tot": 30, "ingII": 0, "ingIV": 0, "ingIII": 0, "ingV": 0, "arcI": 19, "ingI": 0}, {"name": "tissue engineering", "arcII": 0, "des": 0, "tot": 30, "ingII": 26, "ingIV": 0, "ingIII": 3, "ingV": 0, "arcI": 0, "ingI": 0}, {"name": "exhibition", "arcII": 1, "des": 20, "tot": 30, "ingII": 0, "ingIV": 0, "ingIII": 0, "ingV": 0, "arcI": 7, "ingI": 0}, {"name": "materials", "arcII": 0, "des": 17, "tot": 30, "ingII": 1, "ingIV": 1, "ingIII": 2, "ingV": 0, "arcI": 6, "ingI": 1}, {"name": "urban regeneration", "arcII": 2, "des": 2, "tot": 30, "ingII": 0, "ingIV": 0, "ingIII": 0, "ingV": 0, "arcI": 23, "ingI": 0}, {"name": "urban planning", "arcII": 3, "des": 1, "tot": 30, "ingII": 0, "ingIV": 0, "ingIII": 0, "ingV": 0, "arcI": 23, "ingI": 0}, {"name": "nature", "arcII": 2, "des": 15, "tot": 29, "ingII": 0, "ingIV": 0, "ingIII": 0, "ingV": 0, "arcI": 8, "ingI": 0}, {"name": "collaboration", "arcII": 0, "des": 13, "tot": 29, "ingII": 12, "ingIV": 1, "ingIII": 0, "ingV": 1, "arcI": 0, "ingI": 0}, {"name": "finite elements", "arcII": 0, "des": 0, "tot": 29, "ingII": 7, "ingIV": 9, "ingIII": 1, "ingV": 0, "arcI": 0, "ingI": 8}, {"name": "square", "arcII": 6, "des": 5, "tot": 29, "ingII": 0, "ingIV": 0, "ingIII": 0, "ingV": 0, "arcI": 15, "ingI": 0}, {"name": "history", "arcII": 7, "des": 8, "tot": 29, "ingII": 0, "ingIV": 0, "ingIII": 0, "ingV": 1, "arcI": 11, "ingI": 0}, {"name": "masterplan", "arcII": 5, "des": 0, "tot": 29, "ingII": 0, "ingIV": 0, "ingIII": 0, "ingV": 0, "arcI": 18, "ingI": 0}, {"name": "theatre", "arcII": 4, "des": 5, "tot": 29, "ingII": 0, "ingIV": 0, "ingIII": 0, "ingV": 0, "arcI": 17, "ingI": 0}, {"name": "community", "arcII": 0, "des": 22, "tot": 28, "ingII": 1, "ingIV": 0, "ingIII": 0, "ingV": 0, "arcI": 5, "ingI": 0}, {"name": "requalification", "arcII": 6, "des": 3, "tot": 28, "ingII": 0, "ingIV": 0, "ingIII": 0, "ingV": 0, "arcI": 15, "ingI": 0}, {"name": "supply chain management", "arcII": 0, "des": 0, "tot": 28, "ingII": 22, "ingIV": 2, "ingIII": 1, "ingV": 1, "arcI": 0, "ingI": 0}, {"name": "energy saving", "arcII": 0, "des": 1, "tot": 28, "ingII": 2, "ingIV": 3, "ingIII": 1, "ingV": 11, "arcI": 6, "ingI": 0}, {"name": "food", "arcII": 0, "des": 20, "tot": 28, "ingII": 1, "ingIV": 1, "ingIII": 0, "ingV": 0, "arcI": 5, "ingI": 0}, {"name": "sport", "arcII": 1, "des": 9, "tot": 28, "ingII": 1, "ingIV": 0, "ingIII": 0, "ingV": 2, "arcI": 12, "ingI": 0}, {"name": "computational fluid dynamics", "arcII": 0, "des": 0, "tot": 28, "ingII": 6, "ingIV": 12, "ingIII": 3, "ingV": 0, "arcI": 0, "ingI": 0}, {"name": "smartphone", "arcII": 0, "des": 3, "tot": 28, "ingII": 4, "ingIV": 0, "ingIII": 0, "ingV": 20, "arcI": 0, "ingI": 0}, {"name": "Bovisa", "arcII": 22, "des": 3, "tot": 28, "ingII": 0, "ingIV": 0, "ingIII": 0, "ingV": 0, "arcI": 3, "ingI": 0}, {"name": "light", "arcII": 1, "des": 17, "tot": 28, "ingII": 0, "ingIV": 0, "ingIII": 0, "ingV": 1, "arcI": 7, "ingI": 0}, {"name": "children", "arcII": 0, "des": 15, "tot": 28, "ingII": 0, "ingIV": 2, "ingIII": 0, "ingV": 2, "arcI": 8, "ingI": 0}, {"name": "memory", "arcII": 1, "des": 12, "tot": 28, "ingII": 1, "ingIV": 0, "ingIII": 0, "ingV": 2, "arcI": 11, "ingI": 0}, {"name": "technology", "arcII": 3, "des": 6, "tot": 27, "ingII": 3, "ingIV": 1, "ingIII": 0, "ingV": 1, "arcI": 9, "ingI": 1}, {"name": "education", "arcII": 1, "des": 17, "tot": 27, "ingII": 4, "ingIV": 0, "ingIII": 0, "ingV": 0, "arcI": 1, "ingI": 0}, {"name": "space", "arcII": 0, "des": 7, "tot": 27, "ingII": 0, "ingIV": 1, "ingIII": 0, "ingV": 1, "arcI": 15, "ingI": 0}, {"name": "planning", "arcII": 2, "des": 0, "tot": 27, "ingII": 4, "ingIV": 1, "ingIII": 0, "ingV": 4, "arcI": 10, "ingI": 2}, {"name": "marketing", "arcII": 0, "des": 10, "tot": 27, "ingII": 14, "ingIV": 0, "ingIII": 0, "ingV": 0, "arcI": 2, "ingI": 0}, {"name": "risk", "arcII": 0, "des": 0, "tot": 27, "ingII": 17, "ingIV": 1, "ingIII": 1, "ingV": 1, "arcI": 0, "ingI": 4}, {"name": "application", "arcII": 0, "des": 14, "tot": 26, "ingII": 6, "ingIV": 0, "ingIII": 0, "ingV": 5, "arcI": 1, "ingI": 0}, {"name": "urban design", "arcII": 5, "des": 3, "tot": 26, "ingII": 0, "ingIV": 0, "ingIII": 0, "ingV": 0, "arcI": 14, "ingI": 0}, {"name": "steel", "arcII": 0, "des": 0, "tot": 26, "ingII": 2, "ingIV": 3, "ingIII": 2, "ingV": 0, "arcI": 5, "ingI": 7}, {"name": "market", "arcII": 2, "des": 8, "tot": 26, "ingII": 11, "ingIV": 0, "ingIII": 0, "ingV": 0, "arcI": 4, "ingI": 0}, {"name": "quality", "arcII": 1, "des": 4, "tot": 26, "ingII": 10, "ingIV": 1, "ingIII": 0, "ingV": 5, "arcI": 3, "ingI": 0}, {"name": "connection", "arcII": 4, "des": 5, "tot": 25, "ingII": 0, "ingIV": 0, "ingIII": 0, "ingV": 0, "arcI": 11, "ingI": 0}, {"name": "emergency", "arcII": 0, "des": 7, "tot": 25, "ingII": 0, "ingIV": 1, "ingIII": 0, "ingV": 3, "arcI": 8, "ingI": 2}, {"name": "business model", "arcII": 0, "des": 1, "tot": 25, "ingII": 22, "ingIV": 0, "ingIII": 0, "ingV": 1, "arcI": 0, "ingI": 0}, {"name": "agriculture", "arcII": 3, "des": 2, "tot": 25, "ingII": 1, "ingIV": 0, "ingIII": 0, "ingV": 0, "arcI": 14, "ingI": 3}, {"name": "modeling", "arcII": 0, "des": 0, "tot": 25, "ingII": 3, "ingIV": 3, "ingIII": 4, "ingV": 6, "arcI": 2, "ingI": 2}, {"name": "new product development", "arcII": 0, "des": 0, "tot": 25, "ingII": 25, "ingIV": 0, "ingIII": 0, "ingV": 0, "arcI": 0, "ingI": 0}, {"name": "classification", "arcII": 0, "des": 3, "tot": 25, "ingII": 4, "ingIV": 0, "ingIII": 0, "ingV": 12, "arcI": 0, "ingI": 1}, {"name": "smart grid", "arcII": 0, "des": 0, "tot": 25, "ingII": 3, "ingIV": 0, "ingIII": 11, "ingV": 10, "arcI": 0, "ingI": 0}, {"name": "real estate", "arcII": 0, "des": 0, "tot": 24, "ingII": 1, "ingIV": 0, "ingIII": 0, "ingV": 0, "arcI": 10, "ingI": 1}, {"name": "experience", "arcII": 0, "des": 20, "tot": 24, "ingII": 1, "ingIV": 0, "ingIII": 0, "ingV": 1, "arcI": 1, "ingI": 0}, {"name": "Bergamo", "arcII": 0, "des": 3, "tot": 24, "ingII": 0, "ingIV": 0, "ingIII": 0, "ingV": 0, "arcI": 17, "ingI": 0}, {"name": "L'Aquila", "arcII": 2, "des": 11, "tot": 24, "ingII": 0, "ingIV": 0, "ingIII": 0, "ingV": 0, "arcI": 4, "ingI": 3}, {"name": "biomass", "arcII": 0, "des": 1, "tot": 24, "ingII": 5, "ingIV": 7, "ingIII": 2, "ingV": 0, "arcI": 1, "ingI": 6}, {"name": "transport", "arcII": 1, "des": 7, "tot": 24, "ingII": 4, "ingIV": 1, "ingIII": 1, "ingV": 0, "arcI": 3, "ingI": 5}, {"name": "recycling", "arcII": 0, "des": 7, "tot": 24, "ingII": 4, "ingIV": 0, "ingIII": 0, "ingV": 0, "arcI": 4, "ingI": 4}, {"name": "combustion", "arcII": 0, "des": 0, "tot": 24, "ingII": 0, "ingIV": 13, "ingIII": 10, "ingV": 0, "arcI": 0, "ingI": 0}, {"name": "complexity", "arcII": 1, "des": 8, "tot": 24, "ingII": 3, "ingIV": 0, "ingIII": 0, "ingV": 2, "arcI": 6, "ingI": 0}, {"name": "game theory", "arcII": 0, "des": 1, "tot": 24, "ingII": 5, "ingIV": 1, "ingIII": 0, "ingV": 15, "arcI": 0, "ingI": 0}, {"name": "sustainable development", "arcII": 0, "des": 1, "tot": 24, "ingII": 4, "ingIV": 2, "ingIII": 0, "ingV": 0, "arcI": 12, "ingI": 0}, {"name": "framework", "arcII": 0, "des": 0, "tot": 24, "ingII": 10, "ingIV": 0, "ingIII": 0, "ingV": 13, "arcI": 0, "ingI": 0}, {"name": "service", "arcII": 0, "des": 15, "tot": 23, "ingII": 5, "ingIV": 0, "ingIII": 0, "ingV": 1, "arcI": 0, "ingI": 0}, {"name": "web", "arcII": 0, "des": 14, "tot": 23, "ingII": 6, "ingIV": 0, "ingIII": 0, "ingV": 2, "arcI": 1, "ingI": 0}, {"name": "cogeneration", "arcII": 0, "des": 0, "tot": 23, "ingII": 1, "ingIV": 16, "ingIII": 0, "ingV": 4, "arcI": 1, "ingI": 1}, {"name": "facility management", "arcII": 0, "des": 0, "tot": 23, "ingII": 1, "ingIV": 0, "ingIII": 0, "ingV": 0, "arcI": 5, "ingI": 0}, {"name": "time", "arcII": 1, "des": 14, "tot": 23, "ingII": 2, "ingIV": 0, "ingIII": 0, "ingV": 0, "arcI": 5, "ingI": 0}, {"name": "auditorium", "arcII": 3, "des": 0, "tot": 23, "ingII": 0, "ingIV": 0, "ingIII": 0, "ingV": 0, "arcI": 13, "ingI": 0}, {"name": "composite materials", "arcII": 0, "des": 0, "tot": 23, "ingII": 0, "ingIV": 13, "ingIII": 7, "ingV": 1, "arcI": 0, "ingI": 0}, {"name": "life cycle assessment", "arcII": 0, "des": 1, "tot": 23, "ingII": 1, "ingIV": 0, "ingIII": 1, "ingV": 0, "arcI": 6, "ingI": 8}, {"name": "river", "arcII": 4, "des": 1, "tot": 23, "ingII": 0, "ingIV": 0, "ingIII": 0, "ingV": 1, "arcI": 16, "ingI": 1}, {"name": "archeology", "arcII": 8, "des": 0, "tot": 23, "ingII": 0, "ingIV": 0, "ingIII": 0, "ingV": 0, "arcI": 13, "ingI": 0}, {"name": "modular", "arcII": 0, "des": 14, "tot": 23, "ingII": 1, "ingIV": 0, "ingIII": 0, "ingV": 2, "arcI": 3, "ingI": 0}, {"name": "perception", "arcII": 0, "des": 13, "tot": 23, "ingII": 0, "ingIV": 0, "ingIII": 0, "ingV": 0, "arcI": 9, "ingI": 0}, {"name": "Expo 2015", "arcII": 4, "des": 4, "tot": 23, "ingII": 0, "ingIV": 0, "ingIII": 0, "ingV": 0, "arcI": 15, "ingI": 0}, {"name": "cinema", "arcII": 0, "des": 17, "tot": 23, "ingII": 0, "ingIV": 0, "ingIII": 0, "ingV": 0, "arcI": 5, "ingI": 0}, {"name": "SPAD", "arcII": 0, "des": 0, "tot": 22, "ingII": 1, "ingIV": 0, "ingIII": 0, "ingV": 15, "arcI": 0, "ingI": 0}, {"name": "environmental sustainability", "arcII": 0, "des": 4, "tot": 22, "ingII": 6, "ingIV": 2, "ingIII": 0, "ingV": 0, "arcI": 4, "ingI": 4}, {"name": "fire", "arcII": 0, "des": 0, "tot": 22, "ingII": 0, "ingIV": 2, "ingIII": 0, "ingV": 0, "arcI": 1, "ingI": 14}, {"name": "temporary", "arcII": 0, "des": 12, "tot": 22, "ingII": 0, "ingIV": 0, "ingIII": 0, "ingV": 0, "arcI": 8, "ingI": 0}, {"name": "cloud computing", "arcII": 0, "des": 0, "tot": 22, "ingII": 11, "ingIV": 0, "ingIII": 0, "ingV": 10, "arcI": 0, "ingI": 0}, {"name": "hydrogen", "arcII": 0, "des": 0, "tot": 22, "ingII": 1, "ingIV": 8, "ingIII": 9, "ingV": 2, "arcI": 0, "ingI": 1}, {"name": "health", "arcII": 0, "des": 4, "tot": 22, "ingII": 10, "ingIV": 0, "ingIII": 0, "ingV": 0, "arcI": 6, "ingI": 0}, {"name": "bicycle", "arcII": 1, "des": 16, "tot": 22, "ingII": 0, "ingIV": 1, "ingIII": 0, "ingV": 2, "arcI": 1, "ingI": 1}, {"name": "furniture", "arcII": 0, "des": 18, "tot": 22, "ingII": 3, "ingIV": 0, "ingIII": 0, "ingV": 0, "arcI": 1, "ingI": 0}, {"name": "FPGA", "arcII": 0, "des": 0, "tot": 22, "ingII": 0, "ingIV": 0, "ingIII": 0, "ingV": 20, "arcI": 0, "ingI": 0}, {"name": "research", "arcII": 3, "des": 8, "tot": 21, "ingII": 2, "ingIV": 0, "ingIII": 0, "ingV": 2, "arcI": 6, "ingI": 0}, {"name": "algorithm", "arcII": 0, "des": 0, "tot": 21, "ingII": 4, "ingIV": 3, "ingIII": 0, "ingV": 12, "arcI": 1, "ingI": 0}, {"name": "Android", "arcII": 0, "des": 1, "tot": 21, "ingII": 2, "ingIV": 0, "ingIII": 0, "ingV": 18, "arcI": 0, "ingI": 0}, {"name": "participation", "arcII": 0, "des": 11, "tot": 21, "ingII": 0, "ingIV": 0, "ingIII": 0, "ingV": 0, "arcI": 7, "ingI": 0}, {"name": "ecomuseum", "arcII": 0, "des": 8, "tot": 21, "ingII": 0, "ingIV": 0, "ingIII": 0, "ingV": 0, "arcI": 12, "ingI": 0}, {"name": "reconstruction", "arcII": 0, "des": 6, "tot": 21, "ingII": 1, "ingIV": 1, "ingIII": 0, "ingV": 2, "arcI": 10, "ingI": 0}, {"name": "social media", "arcII": 0, "des": 3, "tot": 21, "ingII": 11, "ingIV": 0, "ingIII": 0, "ingV": 4, "arcI": 1, "ingI": 0}, {"name": "healthcare", "arcII": 0, "des": 1, "tot": 21, "ingII": 13, "ingIV": 1, "ingIII": 0, "ingV": 1, "arcI": 3, "ingI": 0}, {"name": "FEM", "arcII": 0, "des": 0, "tot": 21, "ingII": 3, "ingIV": 12, "ingIII": 0, "ingV": 0, "arcI": 0, "ingI": 0}, {"name": "creativity", "arcII": 0, "des": 18, "tot": 21, "ingII": 1, "ingIV": 0, "ingIII": 0, "ingV": 0, "arcI": 1, "ingI": 0}, {"name": "packaging", "arcII": 0, "des": 16, "tot": 21, "ingII": 2, "ingIV": 1, "ingIII": 1, "ingV": 0, "arcI": 1, "ingI": 0}, {"name": "crowdsourcing", "arcII": 0, "des": 11, "tot": 21, "ingII": 3, "ingIV": 0, "ingIII": 0, "ingV": 5, "arcI": 0, "ingI": 0}, {"name": "finite element method", "arcII": 0, "des": 0, "tot": 21, "ingII": 7, "ingIV": 8, "ingIII": 0, "ingV": 0, "arcI": 0, "ingI": 5}, {"name": "wellness", "arcII": 0, "des": 9, "tot": 21, "ingII": 1, "ingIV": 0, "ingIII": 0, "ingV": 0, "arcI": 5, "ingI": 0}, {"name": "lean", "arcII": 0, "des": 0, "tot": 21, "ingII": 19, "ingIV": 0, "ingIII": 0, "ingV": 0, "arcI": 0, "ingI": 0}, {"name": "evaluation", "arcII": 0, "des": 1, "tot": 20, "ingII": 7, "ingIV": 1, "ingIII": 0, "ingV": 4, "arcI": 5, "ingI": 1}, {"name": "garden", "arcII": 3, "des": 9, "tot": 20, "ingII": 0, "ingIV": 0, "ingIII": 0, "ingV": 0, "arcI": 7, "ingI": 0}, {"name": "greenway", "arcII": 1, "des": 2, "tot": 20, "ingII": 0, "ingIV": 0, "ingIII": 0, "ingV": 0, "arcI": 16, "ingI": 0}, {"name": "digital", "arcII": 0, "des": 11, "tot": 20, "ingII": 1, "ingIV": 0, "ingIII": 0, "ingV": 6, "arcI": 1, "ingI": 0}, {"name": "brand", "arcII": 0, "des": 17, "tot": 20, "ingII": 1, "ingIV": 0, "ingIII": 0, "ingV": 0, "arcI": 1, "ingI": 0}, {"name": "corrosion", "arcII": 0, "des": 0, "tot": 20, "ingII": 1, "ingIV": 3, "ingIII": 8, "ingV": 0, "arcI": 0, "ingI": 2}, {"name": "comfort", "arcII": 0, "des": 4, "tot": 19, "ingII": 0, "ingIV": 7, "ingIII": 0, "ingV": 1, "arcI": 3, "ingI": 0}, {"name": "Porta Genova", "arcII": 17, "des": 0, "tot": 19, "ingII": 0, "ingIV": 0, "ingIII": 0, "ingV": 0, "arcI": 2, "ingI": 0}, {"name": "bridge", "arcII": 3, "des": 3, "tot": 19, "ingII": 0, "ingIV": 1, "ingIII": 0, "ingV": 0, "arcI": 9, "ingI": 2}, {"name": "tower", "arcII": 6, "des": 2, "tot": 19, "ingII": 0, "ingIV": 1, "ingIII": 0, "ingV": 0, "arcI": 6, "ingI": 0}, {"name": "tradition", "arcII": 0, "des": 11, "tot": 19, "ingII": 0, "ingIV": 0, "ingIII": 0, "ingV": 0, "arcI": 4, "ingI": 0}, {"name": "ontology", "arcII": 0, "des": 0, "tot": 19, "ingII": 3, "ingIV": 2, "ingIII": 0, "ingV": 11, "arcI": 0, "ingI": 2}, {"name": "wind tunnel", "arcII": 0, "des": 0, "tot": 19, "ingII": 0, "ingIV": 16, "ingIII": 1, "ingV": 0, "arcI": 0, "ingI": 1}, {"name": "numerical simulation", "arcII": 0, "des": 0, "tot": 19, "ingII": 4, "ingIV": 6, "ingIII": 2, "ingV": 1, "arcI": 0, "ingI": 3}, {"name": "underground", "arcII": 2, "des": 7, "tot": 19, "ingII": 0, "ingIV": 0, "ingIII": 0, "ingV": 0, "arcI": 7, "ingI": 1}, {"name": "service design", "arcII": 0, "des": 16, "tot": 19, "ingII": 0, "ingIV": 0, "ingIII": 0, "ingV": 0, "arcI": 0, "ingI": 1}, {"name": "hospital", "arcII": 2, "des": 2, "tot": 19, "ingII": 2, "ingIV": 1, "ingIII": 0, "ingV": 0, "arcI": 7, "ingI": 0}, {"name": "energy consumption", "arcII": 0, "des": 0, "tot": 19, "ingII": 6, "ingIV": 2, "ingIII": 1, "ingV": 3, "arcI": 0, "ingI": 2}, {"name": "solar energy", "arcII": 0, "des": 0, "tot": 19, "ingII": 2, "ingIV": 7, "ingIII": 0, "ingV": 0, "arcI": 3, "ingI": 1}, {"name": "governance", "arcII": 0, "des": 0, "tot": 19, "ingII": 8, "ingIV": 0, "ingIII": 0, "ingV": 1, "arcI": 8, "ingI": 0}, {"name": "internet", "arcII": 0, "des": 8, "tot": 18, "ingII": 5, "ingIV": 0, "ingIII": 0, "ingV": 3, "arcI": 1, "ingI": 0}, {"name": "mass customization", "arcII": 0, "des": 2, "tot": 18, "ingII": 16, "ingIV": 0, "ingIII": 0, "ingV": 0, "arcI": 0, "ingI": 0}, {"name": "MEMS", "arcII": 0, "des": 0, "tot": 18, "ingII": 3, "ingIV": 1, "ingIII": 0, "ingV": 8, "arcI": 0, "ingI": 4}, {"name": "augmented reality", "arcII": 0, "des": 8, "tot": 18, "ingII": 0, "ingIV": 3, "ingIII": 0, "ingV": 3, "arcI": 2, "ingI": 0}, {"name": "turbulence", "arcII": 0, "des": 0, "tot": 18, "ingII": 2, "ingIV": 9, "ingIII": 2, "ingV": 0, "arcI": 0, "ingI": 3}, {"name": "industry", "arcII": 1, "des": 1, "tot": 18, "ingII": 4, "ingIV": 1, "ingIII": 0, "ingV": 0, "arcI": 9, "ingI": 1}, {"name": "climate change", "arcII": 0, "des": 0, "tot": 18, "ingII": 2, "ingIV": 0, "ingIII": 0, "ingV": 0, "arcI": 3, "ingI": 13}, {"name": "visualization", "arcII": 0, "des": 9, "tot": 18, "ingII": 1, "ingIV": 2, "ingIII": 0, "ingV": 4, "arcI": 0, "ingI": 0}, {"name": "Istanbul", "arcII": 3, "des": 2, "tot": 18, "ingII": 0, "ingIV": 0, "ingIII": 0, "ingV": 0, "arcI": 12, "ingI": 1}, {"name": "immigration", "arcII": 2, "des": 4, "tot": 18, "ingII": 0, "ingIV": 0, "ingIII": 0, "ingV": 0, "arcI": 9, "ingI": 0}, {"name": "riqualification", "arcII": 6, "des": 2, "tot": 18, "ingII": 0, "ingIV": 0, "ingIII": 0, "ingV": 0, "arcI": 10, "ingI": 0}, {"name": "society", "arcII": 1, "des": 8, "tot": 18, "ingII": 0, "ingIV": 0, "ingIII": 0, "ingV": 1, "arcI": 4, "ingI": 0}, {"name": "interior design", "arcII": 0, "des": 13, "tot": 18, "ingII": 0, "ingIV": 0, "ingIII": 0, "ingV": 0, "arcI": 4, "ingI": 0}, {"name": "Expo", "arcII": 3, "des": 3, "tot": 18, "ingII": 0, "ingIV": 0, "ingIII": 0, "ingV": 0, "arcI": 7, "ingI": 1}, {"name": "Colombia", "arcII": 0, "des": 6, "tot": 17, "ingII": 8, "ingIV": 0, "ingIII": 0, "ingV": 0, "arcI": 1, "ingI": 2}, {"name": "open innovation", "arcII": 0, "des": 5, "tot": 17, "ingII": 10, "ingIV": 0, "ingIII": 0, "ingV": 0, "arcI": 0, "ingI": 0}, {"name": "modelling", "arcII": 0, "des": 0, "tot": 17, "ingII": 5, "ingIV": 1, "ingIII": 2, "ingV": 5, "arcI": 0, "ingI": 3}, {"name": "computer vision", "arcII": 0, "des": 0, "tot": 17, "ingII": 2, "ingIV": 4, "ingIII": 0, "ingV": 10, "arcI": 0, "ingI": 0}, {"name": "threshold", "arcII": 0, "des": 4, "tot": 17, "ingII": 0, "ingIV": 0, "ingIII": 0, "ingV": 2, "arcI": 11, "ingI": 0}, {"name": "Twitter", "arcII": 0, "des": 3, "tot": 17, "ingII": 4, "ingIV": 0, "ingIII": 0, "ingV": 9, "arcI": 0, "ingI": 0}, {"name": "smart city", "arcII": 0, "des": 6, "tot": 17, "ingII": 2, "ingIV": 2, "ingIII": 0, "ingV": 0, "arcI": 4, "ingI": 0}, {"name": "sensors", "arcII": 0, "des": 3, "tot": 17, "ingII": 0, "ingIV": 2, "ingIII": 1, "ingV": 8, "arcI": 0, "ingI": 0}, {"name": "helicopter", "arcII": 0, "des": 1, "tot": 17, "ingII": 0, "ingIV": 11, "ingIII": 1, "ingV": 2, "arcI": 0, "ingI": 1}, {"name": "information", "arcII": 0, "des": 7, "tot": 17, "ingII": 4, "ingIV": 0, "ingIII": 0, "ingV": 3, "arcI": 1, "ingI": 0}, {"name": "characterization", "arcII": 0, "des": 0, "tot": 17, "ingII": 2, "ingIV": 2, "ingIII": 4, "ingV": 6, "arcI": 0, "ingI": 1}, {"name": "regeneration", "arcII": 3, "des": 0, "tot": 17, "ingII": 1, "ingIV": 1, "ingIII": 0, "ingV": 0, "arcI": 8, "ingI": 0}, {"name": "finite element", "arcII": 0, "des": 0, "tot": 17, "ingII": 1, "ingIV": 6, "ingIII": 0, "ingV": 1, "arcI": 0, "ingI": 6}, {"name": "retail", "arcII": 0, "des": 8, "tot": 17, "ingII": 6, "ingIV": 0, "ingIII": 0, "ingV": 0, "arcI": 2, "ingI": 0}, {"name": "path", "arcII": 3, "des": 6, "tot": 17, "ingII": 0, "ingIV": 0, "ingIII": 0, "ingV": 0, "arcI": 7, "ingI": 0}, {"name": "reliability", "arcII": 0, "des": 0, "tot": 17, "ingII": 5, "ingIV": 2, "ingIII": 0, "ingV": 4, "arcI": 0, "ingI": 2}, {"name": "cultural center", "arcII": 3, "des": 1, "tot": 17, "ingII": 0, "ingIV": 0, "ingIII": 0, "ingV": 0, "arcI": 10, "ingI": 0}, {"name": "workshop", "arcII": 0, "des": 14, "tot": 17, "ingII": 1, "ingIV": 0, "ingIII": 0, "ingV": 0, "arcI": 2, "ingI": 0}, {"name": "localization", "arcII": 0, "des": 0, "tot": 17, "ingII": 3, "ingIV": 2, "ingIII": 0, "ingV": 10, "arcI": 0, "ingI": 1}, {"name": "Africa", "arcII": 0, "des": 1, "tot": 17, "ingII": 1, "ingIV": 0, "ingIII": 0, "ingV": 0, "arcI": 10, "ingI": 1}, {"name": "movement", "arcII": 0, "des": 10, "tot": 17, "ingII": 1, "ingIV": 0, "ingIII": 0, "ingV": 0, "arcI": 6, "ingI": 0}, {"name": "photography", "arcII": 0, "des": 10, "tot": 17, "ingII": 0, "ingIV": 0, "ingIII": 0, "ingV": 0, "arcI": 7, "ingI": 0}, {"name": "railway station", "arcII": 4, "des": 4, "tot": 17, "ingII": 0, "ingIV": 0, "ingIII": 0, "ingV": 0, "arcI": 7, "ingI": 0}, {"name": "new media", "arcII": 0, "des": 11, "tot": 17, "ingII": 5, "ingIV": 0, "ingIII": 0, "ingV": 0, "arcI": 1, "ingI": 0}, {"name": "process", "arcII": 0, "des": 6, "tot": 16, "ingII": 3, "ingIV": 0, "ingIII": 1, "ingV": 3, "arcI": 3, "ingI": 0}, {"name": "production", "arcII": 0, "des": 5, "tot": 16, "ingII": 6, "ingIV": 3, "ingIII": 0, "ingV": 0, "arcI": 1, "ingI": 0}, {"name": "database", "arcII": 0, "des": 3, "tot": 16, "ingII": 3, "ingIV": 0, "ingIII": 0, "ingV": 5, "arcI": 0, "ingI": 2}, {"name": "student housing", "arcII": 8, "des": 4, "tot": 16, "ingII": 0, "ingIV": 0, "ingIII": 0, "ingV": 0, "arcI": 4, "ingI": 0}, {"name": "rehabilitation", "arcII": 1, "des": 2, "tot": 16, "ingII": 2, "ingIV": 1, "ingIII": 0, "ingV": 1, "arcI": 8, "ingI": 0}, {"name": "simulator", "arcII": 0, "des": 0, "tot": 16, "ingII": 1, "ingIV": 3, "ingIII": 1, "ingV": 9, "arcI": 0, "ingI": 0}, {"name": "diffusion", "arcII": 0, "des": 0, "tot": 16, "ingII": 6, "ingIV": 2, "ingIII": 3, "ingV": 0, "arcI": 0, "ingI": 3}, {"name": "biogas", "arcII": 0, "des": 1, "tot": 16, "ingII": 3, "ingIV": 3, "ingIII": 0, "ingV": 0, "arcI": 0, "ingI": 7}, {"name": "scaffold", "arcII": 1, "des": 0, "tot": 16, "ingII": 11, "ingIV": 0, "ingIII": 3, "ingV": 0, "arcI": 1, "ingI": 0}, {"name": "transformation", "arcII": 3, "des": 3, "tot": 16, "ingII": 0, "ingIV": 0, "ingIII": 0, "ingV": 1, "arcI": 6, "ingI": 0}, {"name": "urban park", "arcII": 2, "des": 2, "tot": 16, "ingII": 0, "ingIV": 0, "ingIII": 0, "ingV": 0, "arcI": 10, "ingI": 0}, {"name": "artificial intelligence", "arcII": 0, "des": 1, "tot": 16, "ingII": 3, "ingIV": 0, "ingIII": 0, "ingV": 10, "arcI": 0, "ingI": 1}, {"name": "titanium dioxide", "arcII": 0, "des": 1, "tot": 16, "ingII": 4, "ingIV": 0, "ingIII": 7, "ingV": 1, "arcI": 0, "ingI": 2}, {"name": "contemporary art", "arcII": 0, "des": 12, "tot": 16, "ingII": 0, "ingIV": 0, "ingIII": 0, "ingV": 0, "arcI": 3, "ingI": 0}, {"name": "Piacenza", "arcII": 1, "des": 0, "tot": 16, "ingII": 0, "ingIV": 0, "ingIII": 0, "ingV": 0, "arcI": 14, "ingI": 0}, {"name": "optimal control", "arcII": 0, "des": 0, "tot": 16, "ingII": 3, "ingIV": 7, "ingIII": 0, "ingV": 5, "arcI": 0, "ingI": 0}, {"name": "textile", "arcII": 1, "des": 7, "tot": 16, "ingII": 2, "ingIV": 1, "ingIII": 0, "ingV": 0, "arcI": 2, "ingI": 1}, {"name": "theater", "arcII": 1, "des": 1, "tot": 15, "ingII": 0, "ingIV": 0, "ingIII": 0, "ingV": 0, "arcI": 11, "ingI": 0}, {"name": "degradation", "arcII": 0, "des": 1, "tot": 15, "ingII": 1, "ingIV": 6, "ingIII": 2, "ingV": 0, "arcI": 1, "ingI": 2}, {"name": "advertising", "arcII": 0, "des": 10, "tot": 15, "ingII": 3, "ingIV": 0, "ingIII": 0, "ingV": 1, "arcI": 0, "ingI": 0}, {"name": "density", "arcII": 1, "des": 0, "tot": 15, "ingII": 0, "ingIV": 0, "ingIII": 1, "ingV": 1, "arcI": 10, "ingI": 0}, {"name": "services", "arcII": 1, "des": 6, "tot": 15, "ingII": 3, "ingIV": 0, "ingIII": 0, "ingV": 1, "arcI": 4, "ingI": 0}, {"name": "identification", "arcII": 0, "des": 1, "tot": 15, "ingII": 0, "ingIV": 5, "ingIII": 1, "ingV": 6, "arcI": 0, "ingI": 0}, {"name": "web application", "arcII": 0, "des": 2, "tot": 15, "ingII": 2, "ingIV": 0, "ingIII": 0, "ingV": 8, "arcI": 0, "ingI": 1}, {"name": "damage", "arcII": 0, "des": 0, "tot": 15, "ingII": 0, "ingIV": 9, "ingIII": 3, "ingV": 0, "arcI": 1, "ingI": 1}, {"name": "wind", "arcII": 0, "des": 1, "tot": 15, "ingII": 3, "ingIV": 5, "ingIII": 1, "ingV": 2, "arcI": 0, "ingI": 3}, {"name": "wind turbine", "arcII": 0, "des": 0, "tot": 15, "ingII": 0, "ingIV": 10, "ingIII": 0, "ingV": 3, "arcI": 0, "ingI": 0}, {"name": "logistics", "arcII": 0, "des": 1, "tot": 15, "ingII": 9, "ingIV": 3, "ingIII": 0, "ingV": 0, "arcI": 1, "ingI": 0}, {"name": "laser", "arcII": 0, "des": 1, "tot": 15, "ingII": 4, "ingIV": 2, "ingIII": 1, "ingV": 7, "arcI": 0, "ingI": 0}, {"name": "sustainable mobility", "arcII": 0, "des": 5, "tot": 15, "ingII": 2, "ingIV": 1, "ingIII": 0, "ingV": 0, "arcI": 3, "ingI": 0}, {"name": "construction", "arcII": 1, "des": 3, "tot": 15, "ingII": 3, "ingIV": 1, "ingIII": 0, "ingV": 1, "arcI": 2, "ingI": 2}, {"name": "spa", "arcII": 1, "des": 0, "tot": 15, "ingII": 0, "ingIV": 0, "ingIII": 0, "ingV": 0, "arcI": 7, "ingI": 0}, {"name": "evolution", "arcII": 0, "des": 6, "tot": 15, "ingII": 3, "ingIV": 1, "ingIII": 0, "ingV": 0, "arcI": 4, "ingI": 1}, {"name": "context", "arcII": 2, "des": 1, "tot": 15, "ingII": 0, "ingIV": 0, "ingIII": 0, "ingV": 7, "arcI": 2, "ingI": 0}, {"name": "business plan", "arcII": 0, "des": 0, "tot": 15, "ingII": 11, "ingIV": 0, "ingIII": 0, "ingV": 0, "arcI": 1, "ingI": 1}, {"name": "Turkey", "arcII": 0, "des": 2, "tot": 15, "ingII": 7, "ingIV": 0, "ingIII": 0, "ingV": 0, "arcI": 4, "ingI": 0}, {"name": "seismic", "arcII": 0, "des": 0, "tot": 15, "ingII": 0, "ingIV": 0, "ingIII": 1, "ingV": 2, "arcI": 0, "ingI": 8}, {"name": "swimming pool", "arcII": 5, "des": 1, "tot": 15, "ingII": 0, "ingIV": 0, "ingIII": 0, "ingV": 0, "arcI": 4, "ingI": 0}, {"name": "luxury", "arcII": 0, "des": 5, "tot": 15, "ingII": 10, "ingIV": 0, "ingIII": 0, "ingV": 0, "arcI": 0, "ingI": 0}, {"name": "game", "arcII": 0, "des": 13, "tot": 15, "ingII": 0, "ingIV": 0, "ingIII": 0, "ingV": 1, "arcI": 1, "ingI": 0}, {"name": "validation", "arcII": 0, "des": 0, "tot": 15, "ingII": 2, "ingIV": 5, "ingIII": 0, "ingV": 3, "arcI": 0, "ingI": 1}, {"name": "tablet", "arcII": 0, "des": 7, "tot": 15, "ingII": 2, "ingIV": 1, "ingIII": 0, "ingV": 5, "arcI": 0, "ingI": 0}, {"name": "real time", "arcII": 0, "des": 1, "tot": 15, "ingII": 2, "ingIV": 5, "ingIII": 0, "ingV": 7, "arcI": 0, "ingI": 0}, {"name": "permeability", "arcII": 2, "des": 0, "tot": 15, "ingII": 2, "ingIV": 3, "ingIII": 0, "ingV": 0, "arcI": 5, "ingI": 2}, {"name": "manufacturing", "arcII": 0, "des": 3, "tot": 15, "ingII": 9, "ingIV": 0, "ingIII": 0, "ingV": 0, "arcI": 0, "ingI": 0}, {"name": "prediction", "arcII": 0, "des": 0, "tot": 15, "ingII": 0, "ingIV": 2, "ingIII": 0, "ingV": 11, "arcI": 0, "ingI": 0}, {"name": "residence", "arcII": 10, "des": 0, "tot": 15, "ingII": 0, "ingIV": 0, "ingIII": 0, "ingV": 0, "arcI": 3, "ingI": 0}, {"name": "structure", "arcII": 1, "des": 2, "tot": 15, "ingII": 0, "ingIV": 1, "ingIII": 2, "ingV": 0, "arcI": 3, "ingI": 0}, {"name": "sharing", "arcII": 0, "des": 13, "tot": 15, "ingII": 0, "ingIV": 0, "ingIII": 0, "ingV": 2, "arcI": 0, "ingI": 0}, {"name": "modularity", "arcII": 1, "des": 4, "tot": 15, "ingII": 2, "ingIV": 0, "ingIII": 0, "ingV": 0, "arcI": 5, "ingI": 0}, {"name": "nanoparticles", "arcII": 0, "des": 0, "tot": 15, "ingII": 4, "ingIV": 3, "ingIII": 8, "ingV": 0, "arcI": 0, "ingI": 0}, {"name": "genetic algorithm", "arcII": 0, "des": 0, "tot": 14, "ingII": 2, "ingIV": 4, "ingIII": 2, "ingV": 4, "arcI": 1, "ingI": 0}, {"name": "dynamics", "arcII": 0, "des": 0, "tot": 14, "ingII": 2, "ingIV": 5, "ingIII": 2, "ingV": 2, "arcI": 1, "ingI": 2}, {"name": "knowledge", "arcII": 1, "des": 4, "tot": 14, "ingII": 3, "ingIV": 1, "ingIII": 0, "ingV": 0, "arcI": 2, "ingI": 0}, {"name": "durability", "arcII": 0, "des": 1, "tot": 14, "ingII": 0, "ingIV": 0, "ingIII": 0, "ingV": 0, "arcI": 0, "ingI": 1}, {"name": "case study", "arcII": 0, "des": 1, "tot": 14, "ingII": 6, "ingIV": 2, "ingIII": 0, "ingV": 1, "arcI": 1, "ingI": 0}, {"name": "virtual reality", "arcII": 0, "des": 1, "tot": 14, "ingII": 2, "ingIV": 4, "ingIII": 0, "ingV": 4, "arcI": 2, "ingI": 0}, {"name": "Shanghai", "arcII": 1, "des": 5, "tot": 14, "ingII": 0, "ingIV": 0, "ingIII": 0, "ingV": 0, "arcI": 6, "ingI": 0}, {"name": "finite element analysis", "arcII": 0, "des": 0, "tot": 14, "ingII": 2, "ingIV": 6, "ingIII": 1, "ingV": 0, "arcI": 0, "ingI": 5}, {"name": "sentiment analysis", "arcII": 0, "des": 0, "tot": 14, "ingII": 1, "ingIV": 0, "ingIII": 0, "ingV": 12, "arcI": 0, "ingI": 0}, {"name": "clustering", "arcII": 0, "des": 0, "tot": 14, "ingII": 6, "ingIV": 0, "ingIII": 0, "ingV": 7, "arcI": 0, "ingI": 0}, {"name": "impact", "arcII": 0, "des": 0, "tot": 14, "ingII": 2, "ingIV": 5, "ingIII": 1, "ingV": 2, "arcI": 0, "ingI": 4}, {"name": "kinetics", "arcII": 0, "des": 0, "tot": 14, "ingII": 0, "ingIV": 0, "ingIII": 10, "ingV": 1, "arcI": 0, "ingI": 1}, {"name": "stability", "arcII": 0, "des": 0, "tot": 14, "ingII": 1, "ingIV": 5, "ingIII": 3, "ingV": 1, "arcI": 0, "ingI": 1}, {"name": "hybrid", "arcII": 0, "des": 4, "tot": 14, "ingII": 1, "ingIV": 3, "ingIII": 2, "ingV": 1, "arcI": 1, "ingI": 0}]